1a,1aa,34,39398
1a,1ab,42,47982
1a,1ac,42,48596
1a,1ad,36,41855
1a,1b,8,9918
1a,1c,10,11453
1a,1d,16,18650
1a,1e,10,11495
1a,1f,19,21671
1a,1g,13,15900
1a,1h,18,20809
1a,1i,11,13589
1a,1j,22,25108
1a,1k,14,16123
1a,1l,24,27944
1a,1m,21,24105
1a,1n,16,18905
1a,1o,19,22294
1a,1p,21,24844
1a,1q,26,30031
1a,1r,27,31052
1a,1s,25,29181
1a,1t,30,34556
1a,1u,20,23029
1a,1v,28,33053
1a,1w,19,22035
1a,1x,31,36421
1a,1y,31,35887
1a,1z,42,48252
1aa,1a,34,39398
1aa,1ab,8,9838
1aa,1ac,8,9469
1aa,1ad,9,10352
1aa,1b,27,31142
1aa,1c,24,28162
1aa,1d,28,33011
1aa,1e,26,29655
1aa,1f,23,26765
1aa,1g,36,42177
1aa,1h,41,47058
1aa,1i,33,37747
1aa,1j,15,17709
1aa,1k,23,27111
1aa,1l,24,28057
1aa,1m,38,43962
1aa,1n,18,20980
1aa,1o,15,18214
1aa,1p,31,35812
1aa,1q,37,43173
1aa,1r,27,31196
1aa,1s,27,31429
1aa,1t,34,39517
1aa,1u,27,31860
1aa,1v,11,13580
1aa,1w,18,21486
1aa,1x,5,6424
1aa,1y,32,37616
1aa,1z,16,18375
1ab,1a,42,47982
1ab,1aa,8,9838
1ab,1ac,5,5799
1ab,1ad,8,10103
1ab,1b,34,39053
1ab,1c,32,37049
1ab,1d,34,38891
1ab,1e,33,38279
1ab,1f,30,34499
1ab,1g,42,48851
1ab,1h,46,53074
1ab,1i,39,44996
1ab,1j,23,26544
1ab,1k,30,34657
1ab,1l,27,31682
1ab,1m,43,49469
1ab,1n,26,30231
1ab,1o,22,25993
1ab,1p,36,41794
1ab,1q,42,48389
1ab,1r,29,33915
1ab,1s,32,36666
1ab,1t,38,43753
1ab,1u,34,38865
1ab,1v,16,18554
1ab,1w,26,30123
1ab,1x,12,14536
1ab,1y,36,41877
1ab,1z,11,12774
1ac,1a,42,48596
1ac,1aa,8,9469
1ac,1ab,5,5799
1ac,1ad,12,14386
1ac,1b,35,40259
1ac,1c,32,37302
1ac,1d,35,41031
1ac,1e,34,39096
1ac,1f,29,33962
1ac,1g,44,51234
1ac,1h,48,55834
1ac,1i,41,47021
1ac,1j,22,25549
1ac,1k,31,36418
1ac,1l,30,35331
1ac,1m,46,52615
1ac,1n,26,30164
1ac,1o,24,27421
1ac,1p,39,44542
1ac,1q,45,51576
1ac,1r,33,38033
1ac,1s,34,39650
1ac,1t,41,47237
1ac,1u,35,40842
1ac,1v,18,21532
1ac,1w,27,30832
1ac,1x,11,12932
1ac,1y,39,45129
1ac,1z,16,18553
1ad,1a,36,41855
1ad,1aa,9,10352
1ad,1ab,8,10103
1ad,1ac,12,14386
1ad,1b,28,32735
1ad,1c,27,31695
1ad,1d,29,33156
1ad,1e,27,31496
1ad,1f,28,32599
1ad,1g,35,40647
1ad,1h,39,44844
1ad,1i,32,36782
1ad,1j,21,24693
1ad,1k,23,27006
1ad,1l,21,24372
1ad,1m,35,40413
1ad,1n,22,25377
1ad,1o,17,19681
1ad,1p,28,32248
1ad,1q,33,38538
1ad,1r,22,26213
1ad,1s,23,26840
1ad,1t,29,33682
1ad,1u,26,29853
1ad,1v,8,9544
1ad,1w,20,23132
1ad,1x,13,15862
1ad,1y,27,31878
1ad,1z,9,10345
1b,1a,8,9918
1b,1aa,27,31142
1b,1ab,34,39053
1b,1ac,35,40259
1b,1ad,28,32735
1b,1c,6,7070
1b,1d,9,11207
1b,1e,6,7570
1b,1f,14,16852
1b,1g,12,14725
1b,1h,17,19973
1b,1i,10,11577
1b,1j,16,18774
1b,1k,7,8225
1b,1l,16,18650
1b,1m,18,21293
1b,1n,11,12799
1b,1o,11,13305
1b,1p,18,20602
1b,1q,23,26973
1b,1r,19,22233
1b,1s,20,23364
1b,1t,26,29818
1b,1u,16,19027
1b,1v,21,24133
1b,1w,14,16158
1b,1x,25,28631
1b,1y,27,31040
1b,1z,33,38521
1c,1a,10,11453
1c,1aa,24,28162
1c,1ab,32,37049
1c,1ac,32,37302
1c,1ad,27,31695
1c,1b,6,7070
1c,1d,14,16838
1c,1e,5,6458
1c,1f,12,14084
1c,1g,18,20885
1c,1h,23,26586
1c,1i,14,16509
1c,1j,12,14140
1c,1k,9,10624
1c,1l,20,23172
1c,1m,23,27278
1c,1n,6,7581
1c,1o,10,12375
1c,1p,20,23763
1c,1q,27,30986
1c,1r,23,27170
1c,1s,22,25464
1c,1t,28,32962
1c,1u,17,20050
1c,1v,20,23600
1c,1w,11,13221
1c,1x,21,25064
1c,1y,29,33215
1c,1z,34,38809
1d,1a,16,18650
1d,1aa,28,33011
1d,1ab,34,38891
1d,1ac,35,41031
1d,1ad,29,33156
1d,1b,9,11207
1d,1c,14,16838
1d,1e,16,18288
1d,1f,16,18392
1d,1g,15,17286
1d,1h,17,19485
1d,1i,15,17686
1d,1j,19,22658
1d,1k,13,15162
1d,1l,11,13112
1d,1m,19,22017
1d,1n,17,20345
1d,1o,14,17045
1d,1p,22,25464
1d,1q,26,30419
1d,1r,14,16383
1d,1s,24,27666
1d,1t,28,32945
1d,1u,23,26304
1d,1v,22,26000
1d,1w,21,24155
1d,1x,26,30518
1d,1y,30,35096
1d,1z,31,35985
1e,1a,10,11495
1e,1aa,26,29655
1e,1ab,33,38279
1e,1ac,34,39096
1e,1ad,27,31496
1e,1b,6,7570
1e,1c,5,6458
1e,1d,16,18288
1e,1f,17,20250
1e,1g,15,17143
1e,1h,20,23395
1e,1i,10,11660
1e,1j,16,18825
1e,1k,6,6968
1e,1l,19,22347
1e,1m,19,22711
1e,1n,8,10258
1e,1o,11,12916
1e,1p,15,17827
1e,1q,21,25039
1e,1r,22,25700
1e,1s,17,20081
1e,1t,23,27216
1e,1u,12,13972
1e,1v,19,22473
1e,1w,9,10646
1e,1x,24,27859
1e,1y,24,27470
1e,1z,34,38858
1f,1a,19,21671
1f,1aa,23,26765
1f,1ab,30,34499
1f,1ac,29,33962
1f,1ad,28,32599
1f,1b,14,16852
1f,1c,12,14084
1f,1d,16,18392
1f,1e,17,20250
1f,1g,27,31065
1f,1h,30,35306
1f,1i,24,28410
1f,1j,8,10172
1f,1k,18,21446
1f,1l,22,26057
1f,1m,32,37344
1f,1n,12,14523
1f,1o,15,17300
1f,1p,31,35661
1f,1q,37,42792
1f,1r,26,30546
1f,1s,31,36247
1f,1t,38,44022
1f,1u,28,32626
1f,1v,24,27575
1f,1w,20,23265
1f,1x,18,21394
1f,1y,38,44380
1f,1z,33,37829
1g,1a,13,15900
1g,1aa,36,42177
1g,1ab,42,48851
1g,1ac,44,51234
1g,1ad,35,40647
1g,1b,12,14725
1g,1c,18,20885
1g,1d,15,17286
1g,1e,15,17143
1g,1f,27,31065
1g,1h,5,6433
1g,1i,5,6232
1g,1j,28,33027
1g,1k,13,15540
1g,1l,18,21341
1g,1m,7,8538
1g,1n,22,26033
1g,1o,21,24263
1g,1p,13,15805
1g,1q,15,17804
1g,1r,19,22233
1g,1s,18,21652
1g,1t,20,23716
1g,1u,16,19007
1g,1v,27,31499
1g,1w,21,25064
1g,1x,36,41149
1g,1y,23,26807
1g,1z,39,45044
1h,1a,18,20809
1h,1aa,41,47058
1h,1ab,46,53074
1h,1ac,48,55834
1h,1ad,39,44844
1h,1b,17,19973
1h,1c,23,26586
1h,1d,17,19485
1h,1e,20,23395
1h,1f,30,35306
1h,1g,5,6433
1h,1i,11,12617
1h,1j,33,38187
1h,1k,18,21267
1h,1l,20,23350
1h,1m,7,8464
1h,1n,27,31832
1h,1o,25,29390
1h,1p,17,20129
1h,1q,17,19954
1h,1r,20,23296
1h,1s,22,25922
1h,1t,23,26337
1h,1u,21,24567
1h,1v,31,36074
1h,1w,27,31137
1h,1x,40,46077
1h,1y,26,30139
1h,1z,42,48107
1i,1a,11,13589
1i,1aa,33,37747
1i,1ab,39,44996
1i,1ac,41,47021
1i,1ad,32,36782
1i,1b,10,11577
1i,1c,14,16509
1i,1d,15,17686
1i,1e,10,11660
1i,1f,24,28410
1i,1g,5,6232
1i,1h,11,12617
1i,1j,25,28882
1i,1k,9,10683
1i,1l,18,20828
1i,1m,10,11632
1i,1n,18,21056
1i,1o,17,20005
1i,1p,10,12306
1i,1q,14,16754
1i,1r,19,22475
1i,1s,15,17776
1i,1t,18,21593
1i,1u,11,13596
1i,1v,23,27349
1i,1w,16,19259
1i,1x,32,36860
1i,1y,20,23732
1i,1z,37,42341
1j,1a,22,25108
1j,1aa,15,17709
1j,1ab,23,26544
1j,1ac,22,25549
1j,1ad,21,24693
1j,1b,16,18774
1j,1c,12,14140
1j,1d,19,22658
1j,1e,16,18825
1j,1f,8,10172
1j,1g,28,33027
1j,1h,33,38187
1j,1i,25,28882
1j,1k,17,19420
1j,1l,22,25564
1j,1m,33,37999
1j,1n,8,9142
1j,1o,10,12298
1j,1p,28,32837
1j,1q,35,40665
1j,1r,26,30020
1j,1s,27,31752
1j,1t,35,40283
1j,1u,25,28553
1j,1v,17,20331
1j,1w,14,16881
1j,1x,11,12619
1j,1y,34,39623
1j,1z,27,31692
1k,1a,14,16123
1k,1aa,23,27111
1k,1ab,30,34657
1k,1ac,31,36418
1k,1ad,23,27006
1k,1b,7,8225
1k,1c,9,10624
1k,1d,13,15162
1k,1e,6,6968
1k,1f,18,21446
1k,1g,13,15540
1k,1h,18,21267
1k,1i,9,10683
1k,1j,17,19420
1k,1l,13,15859
1k,1m,16,19189
1k,1n,10,11863
1k,1o,8,9416
1k,1p,12,14226
1k,1q,18,21635
1k,1r,16,19010
1k,1s,13,15576
1k,1t,20,22886
1k,1u,10,12064
1k,1v,15,17702
1k,1w,9,10442
1k,1x,23,26237
1k,1y,20,23527
1k,1z,29,33397
1l,1a,24,27944
1l,1aa,24,28057
1l,1ab,27,31682
1l,1ac,30,35331
1l,1ad,21,24372
1l,1b,16,18650
1l,1c,20,23172
1l,1d,11,13112
1l,1e,19,22347
1l,1f,22,26057
1l,1g,18,21341
1l,1h,20,23350
1l,1i,18,20828
1l,1j,22,25564
1l,1k,13,15859
1l,1m,18,21207
1l,1n,20,22990
1l,1o,13,15622
1l,1p,18,21594
1l,1q,22,26146
1l,1r,3,4549
1l,1s,18,21082
1l,1t,22,25827
1l,1u,20,23592
1l,1v,15,18111
1l,1w,20,23007
1l,1x,24,28095
1l,1y,24,27726
1l,1z,22,25542
1m,1a,21,24105
1m,1aa,38,43962
1m,1ab,43,49469
1m,1ac,46,52615
1m,1ad,35,40413
1m,1b,18,21293
1m,1c,23,27278
1m,1d,19,22017
1m,1e,19,22711
1m,1f,32,37344
1m,1g,7,8538
1m,1h,7,8464
1m,1i,10,11632
1m,1j,33,37999
1m,1k,16,19189
1m,1l,18,21207
1m,1n,27,30919
1m,1o,24,27388
1m,1p,11,13246
1m,1q,10,11904
1m,1r,17,20411
1m,1s,16,18837
1m,1t,15,18025
1m,1u,16,19161
1m,1v,27,31675
1m,1w,24,27986
1m,1x,38,44102
1m,1y,19,22071
1m,1z,38,43826
1n,1a,16,18905
1n,1aa,18,20980
1n,1ab,26,30231
1n,1ac,26,30164
1n,1ad,22,25377
1n,1b,11,12799
1n,1c,6,7581
1n,1d,17,20345
1n,1e,8,10258
1n,1f,12,14523
1n,1g,22,26033
1n,1h,27,31832
1n,1i,18,21056
1n,1j,8,9142
1n,1k,10,11863
1n,1l,20,22990
1n,1m,27,30919
1n,1o,7,8225
1n,1p,21,24735
1n,1q,28,32640
1n,1r,23,27137
1n,1s,21,24361
1n,1t,28,32800
1n,1u,17,19974
1n,1v,15,18094
1n,1w,7,8966
1n,1x,15,18198
1n,1y,28,32160
1n,1z,29,33368
1o,1a,19,22294
1o,1aa,15,18214
1o,1ab,22,25993
1o,1ac,24,27421
1o,1ad,17,19681
1o,1b,11,13305
1o,1c,10,12375
1o,1d,14,17045
1o,1e,11,12916
1o,1f,15,17300
1o,1g,21,24263
1o,1h,25,29390
1o,1i,17,20005
1o,1j,10,12298
1o,1k,8,9416
1o,1l,13,15622
1o,1m,24,27388
1o,1n,7,8225
1o,1p,18,21532
1o,1q,25,29179
1o,1r,17,19664
1o,1s,17,20097
1o,1t,24,28385
1o,1u,16,18407
1o,1v,10,11690
1o,1w,8,9838
1o,1x,14,16980
1o,1y,24,28111
1o,1z,23,26529
1p,1a,21,24844
1p,1aa,31,35812
1p,1ab,36,41794
1p,1ac,39,44542
1p,1ad,28,32248
1p,1b,18,20602
1p,1c,20,23763
1p,1d,22,25464
1p,1e,15,17827
1p,1f,31,35661
1p,1g,13,15805
1p,1h,17,20129
1p,1i,10,12306
1p,1j,28,32837
1p,1k,12,14226
1p,1l,18,21594
1p,1m,11,13246
1p,1n,21,24735
1p,1o,18,21532
1p,1q,7,8064
1p,1r,19,21862
1p,1s,5,6809
1p,1t,8,9759
1p,1u,6,7120
1p,1v,20,23259
1p,1w,16,18562
1p,1x,32,37049
1p,1y,10,11427
1p,1z,33,37848
1q,1a,26,30031
1q,1aa,37,43173
1q,1ab,42,48389
1q,1ac,45,51576
1q,1ad,33,38538
1q,1b,23,26973
1q,1c,27,30986
1q,1d,26,30419
1q,1e,21,25039
1q,1f,37,42792
1q,1g,15,17804
1q,1h,17,19954
1q,1i,14,16754
1q,1j,35,40665
1q,1k,18,21635
1q,1l,22,26146
1q,1m,10,11904
1q,1n,28,32640
1q,1o,25,29179
1q,1p,7,8064
1q,1r,22,25150
1q,1s,10,12389
1q,1t,6,7892
1q,1u,12,14545
1q,1v,26,30103
1q,1w,23,26599
1q,1x,39,44720
1q,1y,10,11743
1q,1z,37,43005
1r,1a,27,31052
1r,1aa,27,31196
1r,1ab,29,33915
1r,1ac,33,38033
1r,1ad,22,26213
1r,1b,19,22233
1r,1c,23,27170
1r,1d,14,16383
1r,1e,22,25700
1r,1f,26,30546
1r,1g,19,22233
1r,1h,20,23296
1r,1i,19,22475
1r,1j,26,30020
1r,1k,16,19010
1r,1l,3,4549
1r,1m,17,20411
1r,1n,23,27137
1r,1o,17,19664
1r,1p,19,21862
1r,1q,22,25150
1r,1s,18,21300
1r,1t,21,24596
1r,1u,21,25023
1r,1v,17,20471
1r,1w,23,26240
1r,1x,27,31838
1r,1y,23,26946
1r,1z,23,26224
1s,1a,25,29181
1s,1aa,27,31429
1s,1ab,32,36666
1s,1ac,34,39650
1s,1ad,23,26840
1s,1b,20,23364
1s,1c,22,25464
1s,1d,24,27666
1s,1e,17,20081
1s,1f,31,36247
1s,1g,18,21652
1s,1h,22,25922
1s,1i,15,17776
1s,1j,27,31752
1s,1k,13,15576
1s,1l,18,21082
1s,1m,16,18837
1s,1n,21,24361
1s,1o,17,20097
1s,1p,5,6809
1s,1q,10,12389
1s,1r,18,21300
1s,1t,7,8796
1s,1u,7,8081
1s,1v,16,18511
1s,1w,14,17007
1s,1x,29,33668
1s,1y,7,8147
1s,1z,28,32635
1t,1a,30,34556
1t,1aa,34,39517
1t,1ab,38,43753
1t,1ac,41,47237
1t,1ad,29,33682
1t,1b,26,29818
1t,1c,28,32962
1t,1d,28,32945
1t,1e,23,27216
1t,1f,38,44022
1t,1g,20,23716
1t,1h,23,26337
1t,1i,18,21593
1t,1j,35,40283
1t,1k,20,22886
1t,1l,22,25827
1t,1m,15,18025
1t,1n,28,32800
1t,1o,24,28385
1t,1p,8,9759
1t,1q,6,7892
1t,1r,21,24596
1t,1s,7,8796
1t,1u,12,14645
1t,1v,23,26244
1t,1w,22,25626
1t,1x,36,42103
1t,1y,4,4804
1t,1z,33,37986
1u,1a,20,23029
1u,1aa,27,31860
1u,1ab,34,38865
1u,1ac,35,40842
1u,1ad,26,29853
1u,1b,16,19027
1u,1c,17,20050
1u,1d,23,26304
1u,1e,12,13972
1u,1f,28,32626
1u,1g,16,19007
1u,1h,21,24567
1u,1i,11,13596
1u,1j,25,28553
1u,1k,10,12064
1u,1l,20,23592
1u,1m,16,19161
1u,1n,17,19974
1u,1o,16,18407
1u,1p,6,7120
1u,1q,12,14545
1u,1r,21,25023
1u,1s,7,8081
1u,1t,12,14645
1u,1v,18,20699
1u,1w,11,12719
1u,1x,28,32898
1u,1y,12,13972
1u,1z,32,37090
1v,1a,28,33053
1v,1aa,11,13580
1v,1ab,16,18554
1v,1ac,18,21532
1v,1ad,8,9544
1v,1b,21,24133
1v,1c,20,23600
1v,1d,22,26000
1v,1e,19,22473
1v,1f,24,27575
1v,1g,27,31499
1v,1h,31,36074
1v,1i,23,27349
1v,1j,17,20331
1v,1k,15,17702
1v,1l,15,18111
1v,1m,27,31675
1v,1n,15,18094
1v,1o,10,11690
1v,1p,20,23259
1v,1q,26,30103
1v,1r,17,20471
1v,1s,16,18511
1v,1t,23,26244
1v,1u,18,20699
1v,1w,12,14662
1v,1x,14,16735
1v,1y,21,24829
1v,1z,15,17449
1w,1a,19,22035
1w,1aa,18,21486
1w,1ab,26,30123
1w,1ac,27,30832
1w,1ad,20,23132
1w,1b,14,16158
1w,1c,11,13221
1w,1d,21,24155
1w,1e,9,10646
1w,1f,20,23265
1w,1g,21,25064
1w,1h,27,31137
1w,1i,16,19259
1w,1j,14,16881
1w,1k,9,10442
1w,1l,20,23007
1w,1m,24,27986
1w,1n,7,8966
1w,1o,8,9838
1w,1p,16,18562
1w,1q,23,26599
1w,1r,23,26240
1w,1s,14,17007
1w,1t,22,25626
1w,1u,11,12719
1w,1v,12,14662
1w,1x,18,21350
1w,1y,21,24217
1w,1z,28,31952
1x,1a,31,36421
1x,1aa,5,6424
1x,1ab,12,14536
1x,1ac,11,12932
1x,1ad,13,15862
1x,1b,25,28631
1x,1c,21,25064
1x,1d,26,30518
1x,1e,24,27859
1x,1f,18,21394
1x,1g,36,41149
1x,1h,40,46077
1x,1i,32,36860
1x,1j,11,12619
1x,1k,23,26237
1x,1l,24,28095
1x,1m,38,44102
1x,1n,15,18198
1x,1o,14,16980
1x,1p,32,37049
1x,1q,39,44720
1x,1r,27,31838
1x,1s,29,33668
1x,1t,36,42103
1x,1u,28,32898
1x,1v,14,16735
1x,1w,18,21350
1x,1y,35,40618
1x,1z,19,22778
1y,1a,31,35887
1y,1aa,32,37616
1y,1ab,36,41877
1y,1ac,39,45129
1y,1ad,27,31878
1y,1b,27,31040
1y,1c,29,33215
1y,1d,30,35096
1y,1e,24,27470
1y,1f,38,44380
1y,1g,23,26807
1y,1h,26,30139
1y,1i,20,23732
1y,1j,34,39623
1y,1k,20,23527
1y,1l,24,27726
1y,1m,19,22071
1y,1n,28,32160
1y,1o,24,28111
1y,1p,10,11427
1y,1q,10,11743
1y,1r,23,26946
1y,1s,7,8147
1y,1t,4,4804
1y,1u,12,13972
1y,1v,21,24829
1y,1w,21,24217
1y,1x,35,40618
1y,1z,32,36969
1z,1a,42,48252
1z,1aa,16,18375
1z,1ab,11,12774
1z,1ac,16,18553
1z,1ad,9,10345
1z,1b,33,38521
1z,1c,34,38809
1z,1d,31,35985
1z,1e,34,38858
1z,1f,33,37829
1z,1g,39,45044
1z,1h,42,48107
1z,1i,37,42341
1z,1j,27,31692
1z,1k,29,33397
1z,1l,22,25542
1z,1m,38,43826
1z,1n,29,33368
1z,1o,23,26529
1z,1p,33,37848
1z,1q,37,43005
1z,1r,23,26224
1z,1s,28,32635
1z,1t,33,37986
1z,1u,32,37090
1z,1v,15,17449
1z,1w,28,31952
1z,1x,19,22778
1z,1y,32,36969
2a,2b,5,6640
2a,2c,6,7193
2a,2d,9,10381
2a,2e,20,23265
2a,2f,13,15360
2a,2g,11,13618
2a,2h,22,26130
2a,2i,19,22676
2a,2j,21,24847
2a,2k,17,20191
2a,2l,26,30255
2a,2m,19,22602
2a,2n,23,27029
2a,2o,18,20694
2a,2p,21,25059
2a,2q,24,27931
2a,2r,30,34202
2a,2s,22,25496
2a,2t,27,31844
2b,2a,5,6640
2b,2c,10,11956
2b,2d,13,15494
2b,2e,23,26816
2b,2f,15,17883
2b,2g,16,18267
2b,2h,25,29488
2b,2i,23,26469
2b,2j,25,28841
2b,2k,19,22606
2b,2l,30,34408
2b,2m,25,29129
2b,2n,29,33667
2b,2o,23,26601
2b,2p,27,31019
2b,2q,27,31552
2b,2r,35,40282
2b,2s,27,31642
2b,2t,30,34330
2c,2a,6,7193
2c,2b,10,11956
2c,2d,9,10601
2c,2e,21,24547
2c,2f,9,10320
2c,2g,8,9185
2c,2h,19,22258
2c,2i,19,21799
2c,2j,19,22031
2c,2k,12,14230
2c,2l,22,25626
2c,2m,18,21560
2c,2n,21,24498
2c,2o,18,21056
2c,2p,16,19261
2c,2q,26,30402
2c,2r,26,29860
2c,2s,18,21159
2c,2t,23,26689
2d,2a,9,10381
2d,2b,13,15494
2d,2c,9,10601
2d,2e,12,14033
2d,2f,11,13287
2d,2g,6,7859
2d,2h,15,18153
2d,2i,11,12699
2d,2j,13,15375
2d,2k,15,18135
2d,2l,19,21915
2d,2m,15,18030
2d,2n,19,21897
2d,2o,11,13167
2d,2p,18,21110
2d,2q,17,19957
2d,2r,22,26035
2d,2s,15,17982
2d,2t,22,26135
2e,2a,20,23265
2e,2b,23,26816
2e,2c,21,24547
2e,2d,12,14033
2e,2f,20,23746
2e,2g,16,18736
2e,2h,17,19502
2e,2i,6,7674
2e,2j,12,14151
2e,2k,24,27818
2e,2l,19,22746
2e,2m,20,23364
2e,2n,23,26792
2e,2o,12,14219
2e,2p,26,29806
2e,2q,7,8692
2e,2r,23,27002
2e,2s,19,22369
2e,2t,25,29595
2f,2a,13,15360
2f,2b,15,17883
2f,2c,9,10320
2f,2d,11,13287
2f,2e,20,23746
2f,2g,6,6968
2f,2h,12,14258
2f,2i,16,18371
2f,2j,14,16393
2f,2k,4,5426
2f,2l,16,18509
2f,2m,23,27111
2f,2n,25,28708
2f,2o,21,24750
2f,2p,17,20471
2f,2q,27,31558
2f,2r,24,28328
2f,2s,18,20886
2f,2t,14,16934
2g,2a,11,13618
2g,2b,16,18267
2g,2c,8,9185
2g,2d,6,7859
2g,2e,16,18736
2g,2f,6,6968
2g,2h,11,13388
2g,2i,12,13965
2g,2j,11,12972
2g,2k,9,10780
2g,2l,14,16762
2g,2m,18,20570
2g,2n,19,22457
2g,2o,15,17866
2g,2p,14,16738
2g,2q,22,25948
2g,2r,20,23308
2g,2s,13,15293
2g,2t,17,19494
2h,2a,22,26130
2h,2b,25,29488
2h,2c,19,22258
2h,2d,15,18153
2h,2e,17,19502
2h,2f,12,14258
2h,2g,11,13388
2h,2i,10,11842
2h,2j,5,5985
2h,2k,12,14408
2h,2l,5,6544
2h,2m,25,29014
2h,2n,25,29206
2h,2o,21,24443
2h,2p,20,22842
2h,2q,24,27794
2h,2r,19,21952
2h,2s,15,18180
2h,2t,8,10225
2i,2a,19,22676
2i,2b,23,26469
2i,2c,19,21799
2i,2d,11,12699
2i,2e,6,7674
2i,2f,16,18371
2i,2g,12,13965
2i,2h,10,11842
2i,2j,5,6580
2i,2k,18,21579
2i,2l,13,15349
2i,2m,20,23716
2i,2n,22,25836
2i,2o,14,16158
2i,2p,22,25401
2i,2q,14,16017
2i,2r,20,22932
2i,2s,16,18259
2i,2t,19,21992
2j,2a,21,24847
2j,2b,25,28841
2j,2c,19,22031
2j,2d,13,15375
2j,2e,12,14151
2j,2f,14,16393
2j,2g,11,12972
2j,2h,5,5985
2j,2i,5,6580
2j,2k,15,18043
2j,2l,7,8814
2j,2m,22,25124
2j,2n,22,25811
2j,2o,17,19448
2j,2p,19,22429
2j,2q,19,22101
2j,2r,17,19700
2j,2s,13,15790
2j,2t,14,16141
2k,2a,17,20191
2k,2b,19,22606
2k,2c,12,14230
2k,2d,15,18135
2k,2e,24,27818
2k,2f,4,5426
2k,2g,9,10780
2k,2h,12,14408
2k,2i,18,21579
2k,2j,15,18043
2k,2l,15,17487
2k,2m,26,29858
2k,2n,26,30413
2k,2o,24,28407
2k,2p,17,19964
2k,2q,31,35827
2k,2r,24,28126
2k,2s,18,21569
2k,2t,12,13803
2l,2a,26,30255
2l,2b,30,34408
2l,2c,22,25626
2l,2d,19,21915
2l,2e,19,22746
2l,2f,16,18509
2l,2g,14,16762
2l,2h,5,6544
2l,2i,13,15349
2l,2j,7,8814
2l,2k,15,17487
2l,2m,25,28686
2l,2n,24,27496
2l,2o,22,25360
2l,2p,18,20761
2l,2q,26,30183
2l,2r,15,17203
2l,2s,13,15699
2l,2t,9,11113
2m,2a,19,22602
2m,2b,25,29129
2m,2c,18,21560
2m,2d,15,18030
2m,2e,20,23364
2m,2f,23,27111
2m,2g,18,20570
2m,2h,25,29014
2m,2i,20,23716
2m,2j,22,25124
2m,2k,26,29858
2m,2l,25,28686
2m,2n,5,6308
2m,2o,8,9416
2m,2p,14,17008
2m,2q,21,24128
2m,2r,17,20110
2m,2s,12,14376
2m,2t,32,36638
2n,2a,23,27029
2n,2b,29,33667
2n,2c,21,24498
2n,2d,19,21897
2n,2e,23,26792
2n,2f,25,28708
2n,2g,19,22457
2n,2h,25,29206
2n,2i,22,25836
2n,2j,22,25811
2n,2k,26,30413
2n,2l,24,27496
2n,2m,5,6308
2n,2o,12,13804
2n,2p,12,14040
2n,2q,24,28131
2n,2r,13,15846
2n,2s,10,11925
2n,2t,31,35918
2o,2a,18,20694
2o,2b,23,26601
2o,2c,18,21056
2o,2d,11,13167
2o,2e,12,14219
2o,2f,21,24750
2o,2g,15,17866
2o,2h,21,24443
2o,2i,14,16158
2o,2j,17,19448
2o,2k,24,28407
2o,2l,22,25360
2o,2m,8,9416
2o,2n,12,13804
2o,2p,18,21382
2o,2q,13,14962
2o,2r,18,21059
2o,2s,13,15299
2o,2t,29,33640
2p,2a,21,25059
2p,2b,27,31019
2p,2c,16,19261
2p,2d,18,21110
2p,2e,26,29806
2p,2f,17,20471
2p,2g,14,16738
2p,2h,20,22842
2p,2i,22,25401
2p,2j,19,22429
2p,2k,17,19964
2p,2l,18,20761
2p,2m,14,17008
2p,2n,12,14040
2p,2o,18,21382
2p,2q,30,34725
2p,2r,13,15311
2p,2s,8,9552
2p,2t,22,26044
2q,2a,24,27931
2q,2b,27,31552
2q,2c,26,30402
2q,2d,17,19957
2q,2e,7,8692
2q,2f,27,31558
2q,2g,22,25948
2q,2h,24,27794
2q,2i,14,16017
2q,2j,19,22101
2q,2k,31,35827
2q,2l,26,30183
2q,2m,21,24128
2q,2n,24,28131
2q,2o,13,14962
2q,2p,30,34725
2q,2r,26,30669
2q,2s,23,26960
2q,2t,33,37992
2r,2a,30,34202
2r,2b,35,40282
2r,2c,26,29860
2r,2d,22,26035
2r,2e,23,27002
2r,2f,24,28328
2r,2g,20,23308
2r,2h,19,21952
2r,2i,20,22932
2r,2j,17,19700
2r,2k,24,28126
2r,2l,15,17203
2r,2m,17,20110
2r,2n,13,15846
2r,2o,18,21059
2r,2p,13,15311
2r,2q,26,30669
2r,2s,7,8800
2r,2t,23,27135
2s,2a,22,25496
2s,2b,27,31642
2s,2c,18,21159
2s,2d,15,17982
2s,2e,19,22369
2s,2f,18,20886
2s,2g,13,15293
2s,2h,15,18180
2s,2i,16,18259
2s,2j,13,15790
2s,2k,18,21569
2s,2l,13,15699
2s,2m,12,14376
2s,2n,10,11925
2s,2o,13,15299
2s,2p,8,9552
2s,2q,23,26960
2s,2r,7,8800
2s,2t,21,24373
2t,2a,27,31844
2t,2b,30,34330
2t,2c,23,26689
2t,2d,22,26135
2t,2e,25,29595
2t,2f,14,16934
2t,2g,17,19494
2t,2h,8,10225
2t,2i,19,21992
2t,2j,14,16141
2t,2k,12,13803
2t,2l,9,11113
2t,2m,32,36638
2t,2n,31,35918
2t,2o,29,33640
2t,2p,22,26044
2t,2q,33,37992
2t,2r,23,27135
2t,2s,21,24373
3a,3b,32,37295
3a,3c,12,13902
3a,3d,32,37495
3a,3e,26,30112
3a,3f,33,38636
3a,3g,23,26493
3a,3h,23,27095
3a,3i,24,28095
3a,3j,19,22542
3a,3k,29,33837
3a,3l,24,28174
3a,3m,18,21290
3a,3n,23,27203
3a,3o,32,37160
3a,3p,18,21630
3a,3q,27,31825
3a,3r,27,31766
3a,3s,39,44834
3a,3t,41,47179
3b,3a,32,37295
3b,3c,25,29092
3b,3d,18,20771
3b,3e,25,28744
3b,3f,21,24173
3b,3g,28,32137
3b,3h,33,38643
3b,3i,39,44832
3b,3j,31,36073
3b,3k,34,39686
3b,3l,41,46903
3b,3m,28,32535
3b,3n,22,25386
3b,3o,33,37938
3b,3p,33,38092
3b,3q,29,34090
3b,3r,22,25355
3b,3s,21,24421
3b,3t,21,24518
3c,3a,12,13902
3c,3b,25,29092
3c,3d,21,25013
3c,3e,14,16708
3c,3f,22,25193
3c,3g,15,17595
3c,3h,16,18612
3c,3i,21,24859
3c,3j,16,19261
3c,3k,22,25237
3c,3l,24,27776
3c,3m,18,21468
3c,3n,22,25532
3c,3o,24,28453
3c,3p,25,29158
3c,3q,22,26125
3c,3r,24,27965
3c,3s,31,36061
3c,3t,35,40784
3d,3a,32,37495
3d,3b,18,20771
3d,3c,21,25013
3d,3e,17,19633
3d,3f,5,6154
3d,3g,27,30861
3d,3h,29,33543
3d,3i,38,43514
3d,3j,33,38077
3d,3k,31,36349
3d,3l,42,47902
3d,3m,34,39694
3d,3n,32,37599
3d,3o,32,37018
3d,3p,42,48304
3d,3q,33,38467
3d,3r,32,37385
3d,3s,30,34216
3d,3t,35,39971
3e,3a,26,30112
3e,3b,25,28744
3e,3c,14,16708
3e,3d,17,19633
3e,3f,13,15843
3e,3g,11,13419
3e,3h,12,14439
3e,3i,21,25071
3e,3j,19,22244
3e,3k,15,17171
3e,3l,26,30357
3e,3m,24,28058
3e,3n,26,30275
3e,3o,16,19346
3e,3p,35,40832
3e,3q,20,23229
3e,3r,25,29164
3e,3s,25,28540
3e,3t,32,36927
3f,3a,33,38636
3f,3b,21,24173
3f,3c,22,25193
3f,3d,5,6154
3f,3e,13,15843
3f,3g,24,28203
3f,3h,26,30227
3f,3i,35,40731
3f,3j,31,36407
3f,3k,28,32436
3f,3l,40,45641
3f,3m,34,39469
3f,3n,33,38262
3f,3o,29,33198
3f,3p,43,49734
3f,3q,31,36263
3f,3r,32,37345
3f,3s,28,32815
3f,3t,35,40019
3g,3a,23,26493
3g,3b,28,32137
3g,3c,15,17595
3g,3d,27,30861
3g,3e,11,13419
3g,3f,24,28203
3g,3h,7,8128
3g,3i,12,13700
3g,3j,8,9700
3g,3k,7,9116
3g,3l,15,17964
3g,3m,15,17316
3g,3n,19,22167
3g,3o,9,11016
3g,3p,28,32056
3g,3q,9,11062
3g,3r,18,20860
3g,3s,22,25519
3g,3t,28,32748
3h,3a,23,27095
3h,3b,33,38643
3h,3c,16,18612
3h,3d,29,33543
3h,3e,12,14439
3h,3f,26,30227
3h,3g,7,8128
3h,3i,9,11261
3h,3j,11,13168
3h,3k,7,8219
3h,3l,15,17291
3h,3m,19,22746
3h,3n,25,29427
3h,3o,12,13890
3h,3p,32,36503
3h,3q,15,17461
3h,3r,25,28687
3h,3s,28,32990
3h,3t,35,40762
3i,3a,24,28095
3i,3b,39,44832
3i,3c,21,24859
3i,3d,38,43514
3i,3e,21,25071
3i,3f,35,40731
3i,3g,12,13700
3i,3h,9,11261
3i,3j,8,10138
3i,3k,10,12507
3i,3l,5,6479
3i,3m,17,19825
3i,3n,25,28767
3i,3o,14,16413
3i,3p,28,32808
3i,3q,13,15924
3i,3r,24,28363
3i,3s,31,36259
3i,3t,37,42468
3j,3a,19,22542
3j,3b,31,36073
3j,3c,16,19261
3j,3d,33,38077
3j,3e,19,22244
3j,3f,31,36407
3j,3g,8,9700
3j,3h,11,13168
3j,3i,8,10138
3j,3k,13,15041
3j,3l,9,10874
3j,3m,9,10296
3j,3n,16,18889
3j,3o,14,16730
3j,3p,21,24612
3j,3q,9,10625
3j,3r,16,19230
3j,3s,26,29846
3j,3t,30,34620
3k,3a,29,33837
3k,3b,34,39686
3k,3c,22,25237
3k,3d,31,36349
3k,3e,15,17171
3k,3f,28,32436
3k,3g,7,9116
3k,3h,7,8219
3k,3i,10,12507
3k,3j,13,15041
3k,3l,15,18058
3k,3m,21,24306
3k,3n,26,29728
3k,3o,5,6353
3k,3p,34,39409
3k,3q,12,13991
3k,3r,24,27365
3k,3s,25,28812
3k,3t,32,37382
3l,3a,24,28174
3l,3b,41,46903
3l,3c,24,27776
3l,3d,42,47902
3l,3e,26,30357
3l,3f,40,45641
3l,3g,15,17964
3l,3h,15,17291
3l,3i,5,6479
3l,3j,9,10874
3l,3k,15,18058
3l,3m,15,17982
3l,3n,24,27619
3l,3o,18,20581
3l,3p,25,29380
3l,3q,14,16909
3l,3r,24,27761
3l,3s,33,38035
3l,3t,37,42846
3m,3a,18,21290
3m,3b,28,32535
3m,3c,18,21468
3m,3d,34,39694
3m,3e,24,28058
3m,3f,34,39469
3m,3g,15,17316
3m,3h,19,22746
3m,3i,17,19825
3m,3j,9,10296
3m,3k,21,24306
3m,3l,15,17982
3m,3n,9,10504
3m,3o,21,24251
3m,3p,13,15486
3m,3q,12,14373
3m,3r,11,13356
3m,3s,25,28983
3m,3t,26,30463
3n,3a,23,27203
3n,3b,22,25386
3n,3c,22,25532
3n,3d,32,37599
3n,3e,26,30275
3n,3f,33,38262
3n,3g,19,22167
3n,3h,25,29427
3n,3i,25,28767
3n,3j,16,18889
3n,3k,26,29728
3n,3l,24,27619
3n,3m,9,10504
3n,3o,24,27873
3n,3p,15,17564
3n,3q,15,17788
3n,3r,5,6153
3n,3s,20,23142
3n,3t,19,21829
3o,3a,32,37160
3o,3b,33,37938
3o,3c,24,28453
3o,3d,32,37018
3o,3e,16,19346
3o,3f,29,33198
3o,3g,9,11016
3o,3h,12,13890
3o,3i,14,16413
3o,3j,14,16730
3o,3k,5,6353
3o,3l,18,20581
3o,3m,21,24251
3o,3n,24,27873
3o,3p,34,39735
3o,3q,9,11175
3o,3r,21,24354
3o,3s,20,23653
3o,3t,28,32445
3p,3a,18,21630
3p,3b,33,38092
3p,3c,25,29158
3p,3d,42,48304
3p,3e,35,40832
3p,3f,43,49734
3p,3g,28,32056
3p,3h,32,36503
3p,3i,28,32808
3p,3j,21,24612
3p,3k,34,39409
3p,3l,25,29380
3p,3m,13,15486
3p,3n,15,17564
3p,3o,34,39735
3p,3q,25,29595
3p,3r,20,23222
3p,3s,35,40655
3p,3t,33,38562
3q,3a,27,31825
3q,3b,29,34090
3q,3c,22,26125
3q,3d,33,38467
3q,3e,20,23229
3q,3f,31,36263
3q,3g,9,11062
3q,3h,15,17461
3q,3i,13,15924
3q,3j,9,10625
3q,3k,12,13991
3q,3l,14,16909
3q,3m,12,14373
3q,3n,15,17788
3q,3o,9,11175
3q,3p,25,29595
3q,3r,12,14669
3q,3s,18,21148
3q,3t,23,26750
3r,3a,27,31766
3r,3b,22,25355
3r,3c,24,27965
3r,3d,32,37385
3r,3e,25,29164
3r,3f,32,37345
3r,3g,18,20860
3r,3h,25,28687
3r,3i,24,28363
3r,3j,16,19230
3r,3k,24,27365
3r,3l,24,27761
3r,3m,11,13356
3r,3n,5,6153
3r,3o,21,24354
3r,3p,20,23222
3r,3q,12,14669
3r,3s,15,17622
3r,3t,15,17142
3s,3a,39,44834
3s,3b,21,24421
3s,3c,31,36061
3s,3d,30,34216
3s,3e,25,28540
3s,3f,28,32815
3s,3g,22,25519
3s,3h,28,32990
3s,3i,31,36259
3s,3j,26,29846
3s,3k,25,28812
3s,3l,33,38035
3s,3m,25,28983
3s,3n,20,23142
3s,3o,20,23653
3s,3p,35,40655
3s,3q,18,21148
3s,3r,15,17622
3s,3t,9,10842
3t,3a,41,47179
3t,3b,21,24518
3t,3c,35,40784
3t,3d,35,39971
3t,3e,32,36927
3t,3f,35,40019
3t,3g,28,32748
3t,3h,35,40762
3t,3i,37,42468
3t,3j,30,34620
3t,3k,32,37382
3t,3l,37,42846
3t,3m,26,30463
3t,3n,19,21829
3t,3o,28,32445
3t,3p,33,38562
3t,3q,23,26750
3t,3r,15,17142
3t,3s,9,10842
4a,4b,19,21963
4a,4c,9,10998
4a,4d,19,22055
4a,4e,25,29046
4a,4f,18,21375
4a,4g,28,31956
4a,4h,24,28485
4a,4i,31,35820
4a,4j,21,24126
4a,4k,31,36098
4a,4l,15,17342
4a,4m,35,40224
4a,4n,26,30455
4a,4o,27,31643
4a,4p,11,13436
4a,4q,42,48928
4a,4r,24,27591
4a,4s,38,43545
4a,4t,19,22624
4b,4a,19,21963
4b,4c,15,17716
4b,4d,23,26878
4b,4e,7,8618
4b,4f,14,16019
4b,4g,18,20861
4b,4h,21,24886
4b,4i,19,21793
4b,4j,15,18237
4b,4k,16,18818
4b,4l,15,18182
4b,4m,24,28073
4b,4n,30,35142
4b,4o,21,24987
4b,4p,18,21621
4b,4q,28,32082
4b,4r,29,33978
4b,4s,20,23703
4b,4t,21,24956
4c,4a,9,10998
4c,4b,15,17716
4c,4d,11,12572
4c,4e,19,22314
4c,4f,13,15085
4c,4g,23,26981
4c,4h,16,18351
4c,4i,22,25823
4c,4j,14,16399
4c,4k,24,27431
4c,4l,13,15631
4c,4m,29,33067
4c,4n,18,21580
4c,4o,19,22727
4c,4p,14,16496
4c,4q,34,39003
4c,4r,17,20473
4c,4s,32,37013
4c,4t,19,22280
4d,4a,19,22055
4d,4b,23,26878
4d,4c,11,12572
4d,4e,24,28046
4d,4f,17,19969
4d,4g,28,32219
4d,4h,11,13662
4d,4i,21,24498
4d,4j,16,18538
4d,4k,25,28758
4d,4l,20,23460
4d,4m,30,34553
4d,4n,7,9065
4d,4o,17,20087
4d,4p,22,25868
4d,4q,32,36636
4d,4r,10,12275
4d,4s,35,40660
4d,4t,24,28491
4e,4a,25,29046
4e,4b,7,8618
4e,4c,19,22314
4e,4d,24,28046
4e,4f,14,16615
4e,4g,19,22619
4e,4h,21,24236
4e,4i,14,16391
4e,4j,15,17183
4e,4k,9,10751
4e,4l,19,21734
4e,4m,23,26671
4e,4n,30,34969
4e,4o,18,21429
4e,4p,23,27067
4e,4q,21,23982
4e,4r,30,34356
4e,4s,14,16387
4e,4t,24,27694
4f,4a,18,21375
4f,4b,14,16019
4f,4c,13,15085
4f,4d,17,19969
4f,4e,14,16615
4f,4g,29,33472
4f,4h,22,25200
4f,4i,21,24899
4f,4j,3,4092
4f,4k,16,18564
4f,4l,7,8052
4f,4m,33,38263
4f,4n,23,26631
4f,4o,10,12537
4f,4p,13,14889
4f,4q,28,32999
4f,4r,18,21342
4f,4s,22,25936
4f,4t,11,13212
4g,4a,28,31956
4g,4b,18,20861
4g,4c,23,26981
4g,4d,28,32219
4g,4e,19,22619
4g,4f,29,33472
4g,4h,19,22287
4g,4i,18,21526
4g,4j,29,34117
4g,4k,26,29711
4g,4l,32,36695
4g,4m,9,10921
4g,4n,34,39039
4g,4o,33,38292
4g,4p,34,38814
4g,4q,30,34276
4g,4r,38,43587
4g,4s,32,36579
4g,4t,38,44108
4h,4a,24,28485
4h,4b,21,24886
4h,4c,16,18351
4h,4d,11,13662
4h,4e,21,24236
4h,4f,22,25200
4h,4g,19,22287
4h,4i,12,14727
4h,4j,20,23603
4h,4k,21,25033
4h,4l,26,30522
4h,4m,19,21746
4h,4n,15,17631
4h,4o,21,24388
4h,4p,29,33914
4h,4q,25,28816
4h,4r,21,24773
4h,4s,32,37351
4h,4t,32,36982
4i,4a,31,35820
4i,4b,19,21793
4i,4c,22,25823
4i,4d,21,24498
4i,4e,14,16391
4i,4f,21,24899
4i,4g,18,21526
4i,4h,12,14727
4i,4j,20,22960
4i,4k,12,14052
4i,4l,28,31972
4i,4m,16,18683
4i,4n,24,28320
4i,4o,19,22382
4i,4p,32,37337
4i,4q,13,15234
4i,4r,28,32558
4i,4s,22,25342
4i,4t,33,38096
4j,4a,21,24126
4j,4b,15,18237
4j,4c,14,16399
4j,4d,16,18538
4j,4e,15,17183
4j,4f,3,4092
4j,4g,29,34117
4j,4h,20,23603
4j,4i,20,22960
4j,4k,14,16845
4j,4l,10,11763
4j,4m,33,37774
4j,4n,21,24243
4j,4o,7,8523
4j,4p,16,18459
4j,4q,26,30382
4j,4r,16,19315
4j,4s,22,25511
4j,4t,13,15949
4k,4a,31,36098
4k,4b,16,18818
4k,4c,24,27431
4k,4d,25,28758
4k,4e,9,10751
4k,4f,16,18564
4k,4g,26,29711
4k,4h,21,25033
4k,4i,12,14052
4k,4j,14,16845
4k,4l,22,25858
4k,4m,26,30186
4k,4n,29,33329
4k,4o,14,16363
4k,4p,28,32522
4k,4q,13,15654
4k,4r,28,32829
4k,4s,11,12895
4k,4t,26,30367
4l,4a,15,17342
4l,4b,15,18182
4l,4c,13,15631
4l,4d,20,23460
4l,4e,19,21734
4l,4f,7,8052
4l,4g,32,36695
4l,4h,26,30522
4l,4i,28,31972
4l,4j,10,11763
4l,4k,22,25858
4l,4m,37,43167
4l,4n,26,30705
4l,4o,17,19751
4l,4p,6,7201
4l,4q,35,40768
4l,4r,21,23961
4l,4s,27,31277
4l,4t,6,7481
4m,4a,35,40224
4m,4b,24,28073
4m,4c,29,33067
4m,4d,30,34553
4m,4e,23,26671
4m,4f,33,38263
4m,4g,9,10921
4m,4h,19,21746
4m,4i,16,18683
4m,4j,33,37774
4m,4k,26,30186
4m,4l,37,43167
4m,4n,34,39347
4m,4o,34,39692
4m,4p,40,46412
4m,4q,25,29434
4m,4r,40,45781
4m,4s,33,37952
4m,4t,44,50398
4n,4a,26,30455
4n,4b,30,35142
4n,4c,18,21580
4n,4d,7,9065
4n,4e,30,34969
4n,4f,23,26631
4n,4g,34,39039
4n,4h,15,17631
4n,4i,24,28320
4n,4j,21,24243
4n,4k,29,33329
4n,4l,26,30705
4n,4m,34,39347
4n,4o,19,22715
4n,4p,29,33419
4n,4q,33,38416
4n,4r,9,11275
4n,4s,40,45721
4n,4t,30,34547
4o,4a,27,31643
4o,4b,21,24987
4o,4c,19,22727
4o,4d,17,20087
4o,4e,18,21429
4o,4f,10,12537
4o,4g,33,38292
4o,4h,21,24388
4o,4i,19,22382
4o,4j,7,8523
4o,4k,14,16363
4o,4l,17,19751
4o,4m,34,39692
4o,4n,19,22715
4o,4p,23,26336
4o,4q,23,26663
4o,4r,16,18508
4o,4s,22,26033
4o,4t,19,22216
4p,4a,11,13436
4p,4b,18,21621
4p,4c,14,16496
4p,4d,22,25868
4p,4e,23,27067
4p,4f,13,14889
4p,4g,34,38814
4p,4h,29,33914
4p,4i,32,37337
4p,4j,16,18459
4p,4k,28,32522
4p,4l,6,7201
4p,4m,40,46412
4p,4n,29,33419
4p,4o,23,26336
4p,4q,41,47319
4p,4r,23,26559
4p,4s,33,37656
4p,4t,8,9775
4q,4a,42,48928
4q,4b,28,32082
4q,4c,34,39003
4q,4d,32,36636
4q,4e,21,23982
4q,4f,28,32999
4q,4g,30,34276
4q,4h,25,28816
4q,4i,13,15234
4q,4j,26,30382
4q,4k,13,15654
4q,4l,35,40768
4q,4m,25,29434
4q,4n,33,38416
4q,4o,23,26663
4q,4p,41,47319
4q,4r,36,41302
4q,4s,19,21894
4q,4t,39,45280
4r,4a,24,27591
4r,4b,29,33978
4r,4c,17,20473
4r,4d,10,12275
4r,4e,30,34356
4r,4f,18,21342
4r,4g,38,43587
4r,4h,21,24773
4r,4i,28,32558
4r,4j,16,19315
4r,4k,28,32829
4r,4l,21,23961
4r,4m,40,45781
4r,4n,9,11275
4r,4o,16,18508
4r,4p,23,26559
4r,4q,36,41302
4r,4s,38,43674
4r,4t,22,25836
4s,4a,38,43545
4s,4b,20,23703
4s,4c,32,37013
4s,4d,35,40660
4s,4e,14,16387
4s,4f,22,25936
4s,4g,32,36579
4s,4h,32,37351
4s,4i,22,25342
4s,4j,22,25511
4s,4k,11,12895
4s,4l,27,31277
4s,4m,33,37952
4s,4n,40,45721
4s,4o,22,26033
4s,4p,33,37656
4s,4q,19,21894
4s,4r,38,43674
4s,4t,30,34290
4t,4a,19,22624
4t,4b,21,24956
4t,4c,19,22280
4t,4d,24,28491
4t,4e,24,27694
4t,4f,11,13212
4t,4g,38,44108
4t,4h,32,36982
4t,4i,33,38096
4t,4j,13,15949
4t,4k,26,30367
4t,4l,6,7481
4t,4m,44,50398
4t,4n,30,34547
4t,4o,19,22216
4t,4p,8,9775
4t,4q,39,45280
4t,4r,22,25836
4t,4s,30,34290
5a,5b,18,20777
5a,5c,15,17998
5a,5d,16,18539
5a,5e,21,24822
5a,5f,19,21879
5a,5g,22,25605
5a,5h,27,31310
5a,5i,21,24443
5a,5j,25,29253
5a,5k,22,25633
5a,5l,23,26396
5a,5m,29,34057
5a,5n,33,38488
5a,5o,24,28050
5a,5p,27,31063
5a,5q,27,31026
5a,5r,34,39566
5a,5s,38,43407
5a,5t,32,37609
5b,5a,18,20777
5b,5c,12,14605
5b,5d,10,11930
5b,5e,14,16007
5b,5f,32,37288
5b,5g,20,23664
5b,5h,26,30417
5b,5i,33,38103
5b,5j,15,17109
5b,5k,35,40299
5b,5l,25,29417
5b,5m,22,25270
5b,5n,24,28269
5b,5o,27,31637
5b,5p,28,32335
5b,5q,15,18202
5b,5r,42,48645
5b,5s,44,50618
5b,5t,40,45866
5c,5a,15,17998
5c,5b,12,14605
5c,5d,16,18548
5c,5e,9,10275
5c,5f,25,29603
5c,5g,8,10079
5c,5h,15,17362
5c,5i,29,33736
5c,5j,12,14044
5c,5k,25,28705
5c,5l,18,20900
5c,5m,14,16335
5c,5n,21,23987
5c,5o,17,19780
5c,5p,29,33548
5c,5q,17,20152
5c,5r,32,36490
5c,5s,35,40856
5c,5t,34,38996
5d,5a,16,18539
5d,5b,10,11930
5d,5c,16,18548
5d,5e,21,25060
5d,5f,26,30033
5d,5g,24,28323
5d,5h,31,35802
5d,5i,25,28534
5d,5j,17,19526
5d,5k,31,36256
5d,5l,20,23619
5d,5m,26,29746
5d,5n,24,27964
5d,5o,25,28638
5d,5p,18,20819
5d,5q,14,16362
5d,5r,38,43935
5d,5s,38,43750
5d,5t,32,36793
5e,5a,21,24822
5e,5b,14,16007
5e,5c,9,10275
5e,5d,21,25060
5e,5f,34,39388
5e,5g,10,11877
5e,5h,14,16292
5e,5i,38,43738
5e,5j,15,17602
5e,5k,32,37195
5e,5l,26,30501
5e,5m,14,16724
5e,5n,24,27976
5e,5o,24,28300
5e,5p,37,42590
5e,5q,21,24970
5e,5r,39,44849
5e,5s,43,50036
5e,5t,43,49070
5f,5a,19,21879
5f,5b,32,37288
5f,5c,25,29603
5f,5d,26,30033
5f,5e,34,39388
5f,5g,29,33377
5f,5h,33,38035
5f,5i,8,9481
5f,5j,32,36651
5f,5k,11,12544
5f,5l,17,19717
5f,5m,35,39997
5f,5n,35,40270
5f,5o,19,22137
5f,5p,23,26805
5f,5q,32,37145
5f,5r,20,23496
5f,5s,22,25633
5f,5t,17,19422
5g,5a,22,25605
5g,5b,20,23664
5g,5c,8,10079
5g,5d,24,28323
5g,5e,10,11877
5g,5f,29,33377
5g,5h,6,7549
5g,5i,34,39375
5g,5j,15,17793
5g,5k,25,28589
5g,5l,20,23590
5g,5m,10,12346
5g,5n,21,24751
5g,5o,16,18821
5g,5p,35,40957
5g,5q,22,26032
5g,5r,29,34128
5g,5s,35,40518
5g,5t,36,41766
5h,5a,27,31310
5h,5b,26,30417
5h,5c,15,17362
5h,5d,31,35802
5h,5e,14,16292
5h,5f,33,38035
5h,5g,6,7549
5h,5i,39,45010
5h,5j,21,24267
5h,5k,27,31005
5h,5l,25,29293
5h,5m,13,15789
5h,5n,26,29727
5h,5o,20,23028
5h,5p,42,48046
5h,5q,28,32905
5h,5r,31,35727
5h,5s,38,43616
5h,5t,40,46564
5i,5a,21,24443
5i,5b,33,38103
5i,5c,29,33736
5i,5d,25,28534
5i,5e,38,43738
5i,5f,8,9481
5i,5g,34,39375
5i,5h,39,45010
5i,5j,33,38743
5i,5k,19,21958
5i,5l,19,22430
5i,5m,38,44437
5i,5n,36,42025
5i,5o,24,27600
5i,5p,18,20585
5i,5q,32,36993
5i,5r,26,29922
5i,5s,24,28376
5i,5t,15,18150
5j,5a,25,29253
5j,5b,15,17109
5j,5c,12,14044
5j,5d,17,19526
5j,5e,15,17602
5j,5f,32,36651
5j,5g,15,17793
5j,5h,21,24267
5j,5i,33,38743
5j,5k,32,37241
5j,5l,18,20717
5j,5m,10,11788
5j,5n,10,11610
5j,5o,18,21567
5j,5p,27,31111
5j,5q,7,9028
5j,5r,34,39398
5j,5s,35,40648
5j,5t,34,39263
5k,5a,22,25633
5k,5b,35,40299
5k,5c,25,28705
5k,5d,31,36256
5k,5e,32,37195
5k,5f,11,12544
5k,5g,25,28589
5k,5h,27,31005
5k,5i,19,21958
5k,5j,32,37241
5k,5l,18,21653
5k,5m,32,36722
5k,5n,35,40457
5k,5o,16,19044
5k,5p,32,36742
5k,5q,35,40477
5k,5r,15,17380
5k,5s,22,25258
5k,5t,22,25365
5l,5a,23,26396
5l,5b,25,29417
5l,5c,18,20900
5l,5d,20,23619
5l,5e,26,30501
5l,5f,17,19717
5l,5g,20,23590
5l,5h,25,29293
5l,5i,19,22430
5l,5j,18,20717
5l,5k,18,21653
5l,5m,21,24336
5l,5n,18,21039
5l,5o,7,8311
5l,5p,19,21992
5l,5q,18,21335
5l,5r,18,21486
5l,5s,18,21267
5l,5t,16,19238
5m,5a,29,34057
5m,5b,22,25270
5m,5c,14,16335
5m,5d,26,29746
5m,5e,14,16724
5m,5f,35,39997
5m,5g,10,12346
5m,5h,13,15789
5m,5i,38,44437
5m,5j,10,11788
5m,5k,32,36722
5m,5l,21,24336
5m,5n,13,15015
5m,5o,18,20867
5m,5p,35,40609
5m,5q,17,20411
5m,5r,32,37351
5m,5s,36,41196
5m,5t,37,43178
5n,5a,33,38488
5n,5b,24,28269
5n,5c,21,23987
5n,5d,24,27964
5n,5e,24,27976
5n,5f,35,40270
5n,5g,21,24751
5n,5h,26,29727
5n,5i,36,42025
5n,5j,10,11610
5n,5k,35,40457
5n,5l,18,21039
5n,5m,13,15015
5n,5o,19,21892
5n,5p,28,32409
5n,5q,11,13046
5n,5r,32,37433
5n,5s,32,36675
5n,5t,32,37312
5o,5a,24,28050
5o,5b,27,31637
5o,5c,17,19780
5o,5d,25,28638
5o,5e,24,28300
5o,5f,19,22137
5o,5g,16,18821
5o,5h,20,23028
5o,5i,24,27600
5o,5j,18,21567
5o,5k,16,19044
5o,5l,7,8311
5o,5m,18,20867
5o,5n,19,21892
5o,5p,26,30246
5o,5q,22,25251
5o,5r,15,17971
5o,5s,19,21877
5o,5t,21,23978
5p,5a,27,31063
5p,5b,28,32335
5p,5c,29,33548
5p,5d,18,20819
5p,5e,37,42590
5p,5f,23,26805
5p,5g,35,40957
5p,5h,42,48046
5p,5i,18,20585
5p,5j,27,31111
5p,5k,32,36742
5p,5l,19,21992
5p,5m,35,40609
5p,5n,28,32409
5p,5o,26,30246
5p,5q,21,24936
5p,5r,34,39157
5p,5s,29,33647
5p,5t,20,23251
5q,5a,27,31026
5q,5b,15,18202
5q,5c,17,20152
5q,5d,14,16362
5q,5e,21,24970
5q,5f,32,37145
5q,5g,22,26032
5q,5h,28,32905
5q,5i,32,36993
5q,5j,7,9028
5q,5k,35,40477
5q,5l,18,21335
5q,5m,17,20411
5q,5n,11,13046
5q,5o,22,25251
5q,5p,21,24936
5q,5r,36,42079
5q,5s,35,40860
5q,5t,32,37367
5r,5a,34,39566
5r,5b,42,48645
5r,5c,32,36490
5r,5d,38,43935
5r,5e,39,44849
5r,5f,20,23496
5r,5g,29,34128
5r,5h,31,35727
5r,5i,26,29922
5r,5j,34,39398
5r,5k,15,17380
5r,5l,18,21486
5r,5m,32,37351
5r,5n,32,37433
5r,5o,15,17971
5r,5p,34,39157
5r,5q,36,42079
5r,5s,10,11976
5r,5t,18,20665
5s,5a,38,43407
5s,5b,44,50618
5s,5c,35,40856
5s,5d,38,43750
5s,5e,43,50036
5s,5f,22,25633
5s,5g,35,40518
5s,5h,38,43616
5s,5i,24,28376
5s,5j,35,40648
5s,5k,22,25258
5s,5l,18,21267
5s,5m,36,41196
5s,5n,32,36675
5s,5o,19,21877
5s,5p,29,33647
5s,5q,35,40860
5s,5r,10,11976
5s,5t,11,12728
5t,5a,32,37609
5t,5b,40,45866
5t,5c,34,38996
5t,5d,32,36793
5t,5e,43,49070
5t,5f,17,19422
5t,5g,36,41766
5t,5h,40,46564
5t,5i,15,18150
5t,5j,34,39263
5t,5k,22,25365
5t,5l,16,19238
5t,5m,37,43178
5t,5n,32,37312
5t,5o,21,23978
5t,5p,20,23251
5t,5q,32,37367
5t,5r,18,20665
5t,5s,11,12728
6a,6b,10,11555
6a,6c,12,14346
6a,6d,34,38795
6a,6e,25,28722
6a,6f,28,33018
6a,6g,26,29688
6a,6h,20,23120
6a,6i,23,26690
6a,6j,29,33490
6a,6k,33,38590
6a,6l,21,24310
6a,6m,26,30430
6b,6a,10,11555
6b,6c,15,18086
6b,6d,36,41462
6b,6e,27,31623
6b,6f,28,32814
6b,6g,26,30294
6b,6h,13,14960
6b,6i,19,22610
6b,6j,28,32470
6b,6k,32,36380
6b,6l,14,15980
6b,6m,20,23460
6c,6a,12,14346
6c,6b,15,18086
6c,6d,26,29908
6c,6e,12,14604
6c,6f,17,20094
6c,6g,13,15519
6c,6h,19,22270
6c,6i,16,18190
6c,6j,19,21930
6c,6k,22,25500
6c,6l,23,26860
6c,6m,20,22780
6d,6a,34,38795
6d,6b,36,41462
6d,6c,26,29908
6d,6e,24,28279
6d,6f,16,19075
6d,6g,22,25913
6d,6h,41,47260
6d,6i,22,25670
6d,6j,36,41820
6d,6k,31,36040
6d,6l,33,37910
6d,6m,29,33660
6e,6a,25,28722
6e,6b,27,31623
6e,6c,12,14604
6e,6d,24,28279
6e,6f,12,14730
6e,6g,6,6989
6e,6h,26,30600
6e,6i,19,22100
6e,6j,13,15810
6e,6k,14,16830
6e,6l,33,37910
6e,6m,22,26010
6f,6a,28,33018
6f,6b,28,32814
6f,6c,17,20094
6f,6d,16,19075
6f,6e,12,14730
6f,6g,7,8951
6f,6h,28,32810
6f,6i,11,13600
6f,6j,21,23970
6f,6k,15,17170
6f,6l,28,32300
6f,6m,16,19040
6g,6a,26,29688
6g,6b,26,30294
6g,6c,13,15519
6g,6d,22,25913
6g,6e,6,6989
6g,6f,7,8951
6g,6h,25,28560
6g,6i,14,16490
6g,6j,14,15980
6g,6k,11,12750
6g,6l,29,34000
6g,6m,17,20060
6h,6i,20,23630
6h,6j,21,23970
6h,6k,25,29070
6h,6l,21,23970
6h,6m,17,19890
6h,6a,20,23120
6h,6b,13,14960
6h,6c,19,22270
6h,6d,41,47260
6h,6e,26,30600
6h,6f,28,32810
6h,6g,25,28560
6i,6h,20,23630
6i,6j,23,26180
6i,6k,19,22100
6i,6l,16,19210
6i,6m,7,8330
6i,6a,23,26690
6i,6b,19,22610
6i,6c,16,18190
6i,6d,22,25670
6i,6e,19,22100
6i,6f,11,13600
6i,6g,14,16490
6j,6h,21,23970
6j,6i,23,26180
6j,6k,10,11900
6j,6l,35,40290
6j,6m,21,24820
6j,6a,29,33490
6j,6b,28,32470
6j,6c,19,21930
6j,6d,36,41820
6j,6e,13,15810
6j,6f,21,23970
6j,6g,14,15980
6k,6h,25,29070
6k,6i,19,22100
6k,6j,10,11900
6k,6l,34,39610
6k,6m,18,20740
6k,6a,33,38590
6k,6b,32,36380
6k,6c,22,25500
6k,6d,31,36040
6k,6e,14,16830
6k,6f,15,17170
6k,6g,11,12750
6l,6h,21,23970
6l,6i,16,19210
6l,6j,35,40290
6l,6k,34,39610
6l,6m,17,20230
6l,6a,21,24310
6l,6b,14,15980
6l,6c,23,26860
6l,6d,33,37910
6l,6e,33,37910
6l,6f,28,32300
6l,6g,29,34000
6m,6h,17,19890
6m,6i,7,8330
6m,6j,21,24820
6m,6k,18,20740
6m,6l,17,20230
6m,6a,26,30430
6m,6b,20,23460
6m,6c,20,22780
6m,6d,29,33660
6m,6e,22,26010
6m,6f,16,19040
6m,6g,17,20060
home,1a,6,7660
home,1aa,39,45044
home,1ab,46,53111
home,1ac,47,54323
home,1ad,40,46126
home,1b,12,14325
home,1c,15,18178
home,1d,17,20455
home,1e,14,16372
home,1f,24,28230
home,1g,10,11810
home,1h,13,15419
home,1i,10,12095
home,1j,28,31940
home,1k,16,19280
home,1l,25,29243
home,1m,17,20055
home,1n,22,25317
home,1o,23,27137
home,1p,21,24042
home,1q,23,27306
home,1r,27,31433
home,1s,26,29654
home,1t,29,33206
home,1u,21,24162
home,1v,32,36958
home,1w,23,26818
home,1x,37,42621
home,1y,31,35353
home,1z,45,51819
home,2a,9,11184
home,2b,12,14300
home,2c,14,16864
home,2d,14,16163
home,2e,22,25322
home,2f,22,25826
home,2g,19,22125
home,2h,30,34250
home,2i,24,27663
home,2j,27,31355
home,2k,26,30604
home,2l,33,37649
home,2m,18,20566
home,2n,23,26391
home,2o,17,19466
home,2p,26,29752
home,2q,23,26438
home,2r,32,37509
home,2s,25,29346
home,2t,36,41438
home,3a,7,8624
home,3b,35,40800
home,3c,18,21487
home,3d,37,42823
home,3e,33,38064
home,3f,39,44886
home,3g,30,34666
home,3h,31,35682
home,3i,31,35894
home,3j,26,30015
home,3k,37,42239
home,3l,30,35067
home,3m,23,26650
home,3n,27,31204
home,3o,39,45252
home,3p,18,21517
home,3q,34,38929
home,3r,32,36601
home,3s,44,50809
home,3t,45,51686
home,4a,9,10752
home,4b,27,30963
home,4c,18,20832
home,4d,26,30049
home,4e,33,38195
home,4f,24,28218
home,4g,37,42193
home,4h,33,38583
home,4i,40,46152
home,4j,27,31242
home,4k,39,44995
home,4l,19,21886
home,4m,44,50850
home,4n,32,37314
home,4o,33,38663
home,4p,13,15267
home,4q,51,58619
home,4r,28,32366
home,4s,45,51311
home,4t,21,24124
home,5a,21,24637
home,5b,9,10986
home,5c,19,22637
home,5d,17,20465
home,5e,17,20224
home,5f,39,44711
home,5g,26,30544
home,5h,31,36060
home,5i,39,45506
home,5j,23,27240
home,5k,41,47536
home,5l,34,39756
home,5m,29,33649
home,5n,33,38551
home,5o,36,41433
home,5p,36,41191
home,5q,25,28634
home,5r,50,57928
home,5s,53,60728
home,5t,48,55575
home,6a,6,7175
home,6b,14,16722
home,6c,18,20646
home,6d,38,43882
home,6e,30,34408
home,6f,34,39679
home,6g,31,36163
home,6h,25,28390
home,6i,29,33830
home,6j,34,39270
home,6k,39,45220
home,6l,25,29410
home,6m,32,37400
home,6n,32,37278
6a,6n,27,31635
6b,6n,18,21033
6c,6n,26,29925
6d,6n,42,48906
6e,6n,32,36936
6f,6n,30,34713
6g,6n,28,32832
6h,6n,10,11799
6i,6n,20,23256
6j,6n,26,30096
6k,6n,27,31293
6l,6n,19,21546
6m,6n,14,16587
6n,6a,27,31635
6n,6b,18,21033
6n,6c,26,29925
6n,6d,42,48906
6n,6e,32,36936
6n,6f,30,34713
6n,6g,28,32832
6n,6h,10,11799
6n,6i,20,23256
6n,6j,26,30096
6n,6k,27,31293
6n,6l,19,21546
6n,6m,14,16587
home,6o,46,52497
6a,6o,41,47025
6b,6o,40,46170
6c,6o,34,39843
6d,6o,14,15903
6e,6o,34,39843
6f,6o,23,26505
6g,6o,30,35226
6h,6o,45,51642
6i,6o,24,28215
6j,6o,44,50274
6k,6o,37,42237
6l,6o,32,36936
6m,6o,30,34371
6n,6o,43,49590
6o,6a,41,47025
6o,6b,40,46170
6o,6c,34,39843
6o,6d,14,15903
6o,6e,34,39843
6o,6f,23,26505
6o,6g,30,35226
6o,6h,45,51642
6o,6i,24,28215
6o,6j,44,50274
6o,6k,37,42237
6o,6l,32,36936
6o,6m,30,34371
6o,6n,43,49590
home,6p,43,49478
home,6q,41,47748
6p,6a,37,42558
6p,6b,34,39444
6p,6c,26,29583
6p,6d,29,33562
6p,6e,19,21625
6p,6f,13,15743
6p,6g,14,15916
6p,6h,29,33216
6p,6i,18,20933
6p,6j,17,19895
6p,6k,7,8131
6p,6l,34,39271
6p,6m,17,19722
6p,6n,28,32870
6p,6o,32,37195
6p,6q,17,19549
6a,6p,37,42558
6b,6p,34,39444
6c,6p,26,29583
6d,6p,29,33562
6e,6p,19,21625
6f,6p,13,15743
6g,6p,14,15916
6h,6p,29,33216
6i,6p,18,20933
6j,6p,17,19895
6k,6p,7,8131
6l,6p,34,39271
6m,6p,17,19722
6n,6p,28,32870
6o,6p,32,37195
6q,6p,17,19549
home,6r,48,55158
6r,6a,42,48024
6r,6b,38,43848
6r,6c,32,36540
6r,6d,27,30798
6r,6e,27,31320
6r,6f,16,18966
6r,6g,21,24708
6r,6h,35,40194
6r,6i,19,21750
6r,6j,28,32886
6r,6k,19,21750
6r,6l,33,38280
6r,6m,18,21402
6r,6n,31,36366
6r,6o,25,28362
6r,6p,12,13920
6r,6q,9,11136
6r,6s,12,14268
6a,6r,42,48024
6b,6r,38,43848
6c,6r,32,36540
6d,6r,27,30798
6e,6r,27,31320
6f,6r,16,18966
6g,6r,21,24708
6h,6r,35,40194
6i,6r,19,21750
6j,6r,28,32886
6k,6r,19,21750
6l,6r,33,38280
6m,6r,18,21402
6n,6r,31,36366
6o,6r,25,28362
6p,6r,12,13920
6q,6r,9,11136
6s,6r,12,14175
home,6s,48,55300
6a,6s,42,48650
6b,6s,40,45675
6c,6s,34,38675
6d,6s,19,22400
6e,6s,31,35700
6f,6s,18,21000
6g,6s,26,29575
6h,6s,40,46550
6i,6s,20,23800
6j,6s,37,42350
6k,6s,28,32375
6l,6s,32,37275
6m,6s,23,27125
6n,6s,37,43225
6o,6s,13,14875
6p,6s,22,25550
6q,6s,8,9275
6r,6s,12,14175
6s,6a,42,48372
6s,6b,40,45414
6s,6c,34,38454
6s,6d,19,22272
6s,6e,31,35496
6s,6f,18,20880
6s,6g,26,29406
6s,6h,40,46284
6s,6i,20,23664
6s,6j,37,42108
6s,6k,28,32190
6s,6l,32,37062
6s,6m,23,26970
6s,6n,37,42978
6s,6o,13,14790
6s,6p,22,25404
6s,6q,8,9222
home,6t,54,62650
6a,6t,48,55475
6b,6t,44,50925
6c,6t,38,44100
6d,6t,32,36400
6e,6t,33,38150
6f,6t,23,26075
6g,6t,27,31675
6h,6t,40,46375
6i,6t,25,29050
6j,6t,34,38675
6k,6t,23,27125
6l,6t,39,44450
6m,6t,24,27825
6n,6t,36,41650
6o,6t,28,32200
6p,6t,16,18900
6q,6t,15,17325
6r,6t,6,7350
6s,6t,15,17150
6t,6a,48,55475
6t,6b,44,50925
6t,6c,38,44100
6t,6d,32,36400
6t,6e,33,38150
6t,6f,23,26075
6t,6g,27,31675
6t,6h,40,46375
6t,6i,25,29050
6t,6j,34,38675
6t,6k,23,27125
6t,6l,39,44450
6t,6m,24,27825
6t,6n,36,41650
6t,6o,28,32200
6t,6p,16,18900
6t,6q,15,17325
6t,6r,6,7350
6t,6s,15,17150