1a,1,6a099257b29
1a,2,12867553007
1a,0,2337e034164
1a,0,a7ffe32e61a
1a,0,24942052238
1a,0,a87a173f60c
1a,1,e9c698a7607
1a,1,064e27b4593
1aa,0,25f90850f02
1aa,1,f21ad2e53b4
1aa,2,f21ad2e53b4
1aa,1,d324ad6726a
1aa,1,d08a51f2e1b
1aa,0,2fa9b4e52d8
1aa,0,7a230effb70
1aa,1,7a230effb70
1aa,2,d06fd6ace0e
1aa,1,12daf30996a
1aa,2,12daf30996a
1ab,0,92df6aaa6e6
1ab,0,23f73cc5fa0
1ab,0,117482ac4d5
1ac,0,074fd21cef2
1ac,1,d3506672dc5
1ac,1,37575340f6b
1ac,0,4773ab5c979
1ac,1,44bbfce2a2d
1ac,1,79d3b7ebcd8
1ac,0,0a83315186c
1ac,1,3d9d600650f
1ac,0,a505a0d4525
1ac,2,df0b62bdc76
1ac,2,511dd565cb6
1ac,0,96af6c63cab
1ac,1,b0d25fe5f1c
1ad,0,e67861e475b
1ad,0,85655ffcd81
1ad,1,12867553007
1ad,0,2337e034164
1ad,0,3c5647a9cd0
1ad,0,84d6f9bd882
1ad,1,193d665f7a0
1ad,0,42510f05439
1ad,0,cea082f6bbe
1ad,0,54c4e934926
1ad,1,75e8fe8ad03
1ad,1,5fa51512504
1ad,2,6e0c58f5276
1ad,2,df0b62bdc76
1ad,2,3a2d3fca915
1ad,0,2a790c1a081
1b,1,074fd21cef2
1b,1,6a099257b29
1b,0,85655ffcd81
1b,2,12867553007
1b,0,54c4e934926
1b,1,064e27b4593
1b,0,f46c7ec3e4e
1c,1,6a099257b29
1c,2,12867553007
1c,0,2337e034164
1c,0,a7ffe32e61a
1c,0,24942052238
1c,0,a87a173f60c
1c,1,e9c698a7607
1c,1,064e27b4593
1d,1,074fd21cef2
1d,0,f7f930367b9
1d,1,6a099257b29
1d,0,85655ffcd81
1d,2,12867553007
1d,0,54c4e934926
1d,1,064e27b4593
1d,0,f46c7ec3e4e
1d,2,29d5c6e155e
1e,1,6a099257b29
1e,2,12867553007
1e,0,2337e034164
1e,0,a7ffe32e61a
1e,0,a87a173f60c
1e,1,229cec2ca8a
1e,1,ac291f46362
1e,0,e9c698a7607
1e,1,064e27b4593
1e,2,d06fd6ace0e
1f,0,074fd21cef2
1f,0,f7f930367b9
1f,1,6a099257b29
1f,0,85655ffcd81
1f,2,12867553007
1f,1,cab480757a8
1f,0,54c4e934926
1f,1,064e27b4593
1f,1,ade815b33e6
1f,2,29d5c6e155e
1g,0,97a3ed3462a
1g,0,6a099257b29
1g,2,12867553007
1g,0,2337e034164
1g,0,a7ffe32e61a
1g,1,39241b73e8b
1g,0,a87a173f60c
1g,1,ac291f46362
1g,0,e9c698a7607
1g,1,064e27b4593
1g,2,d06fd6ace0e
1h,0,6a099257b29
1h,2,12867553007
1h,0,2337e034164
1h,1,39241b73e8b
1h,0,84d6f9bd882
1h,1,24942052238
1h,0,229cec2ca8a
1h,1,ac291f46362
1h,1,e9c698a7607
1h,1,064e27b4593
1h,2,4be10f07143
1i,1,074fd21cef2
1i,0,6a099257b29
1i,2,12867553007
1i,1,39241b73e8b
1i,1,cab480757a8
1i,0,42510f05439
1i,0,229cec2ca8a
1i,0,54c4e934926
1i,1,064e27b4593
1i,2,38d195dbe79
1i,2,4be10f07143
1i,1,f46c7ec3e4e
1j,0,b0e0e0e5149
1j,0,2c9a1a990ed
1j,1,0a83315186c
1j,0,a63ebaf4161
1j,0,4dd353f2759
1j,0,5ca829de57b
1j,0,ff557242258
1j,2,b41d685e2b1
1j,2,a63ab20d5e2
1j,2,ceca3816275
1j,2,d8119e15126
1j,1,c22ac08d933
1j,1,53dfca2bdc7
1j,1,ceca3816275
1j,1,b06bdabd06d
1j,1,96af6c63cab
1k,0,97a3ed3462a
1k,0,6a099257b29
1k,2,12867553007
1k,0,41900028b9e
1k,0,5e3811224d2
1k,1,39241b73e8b
1k,1,ac291f46362
1k,0,e9c698a7607
1k,1,064e27b4593
1k,0,1cf5f03b4f4
1k,2,d06fd6ace0e
1l,2,e92a8f40d6d
1l,2,9aa08a25f22
1l,0,f4f27a63d1c
1l,0,92df6aaa6e6
1l,1,23f73cc5fa0
1l,0,39241b73e8b
1l,1,cab480757a8
1l,0,cea082f6bbe
1l,1,064e27b4593
1l,0,1cf5f03b4f4
1l,0,f46c7ec3e4e
1m,0,f7f930367b9
1m,2,12867553007
1m,1,23f73cc5fa0
1m,0,39241b73e8b
1m,1,ac291f46362
1m,0,338241b6903
1m,0,17165aec33f
1m,0,e9c698a7607
1m,1,064e27b4593
1m,0,1cf5f03b4f4
1m,0,2a790c1a081
1m,2,b41d685e2b1
1n,0,97a3ed3462a
1n,1,074fd21cef2
1n,0,f4f27a63d1c
1n,0,92df6aaa6e6
1n,2,79d3b7ebcd8
1n,1,23f73cc5fa0
1n,0,39241b73e8b
1n,1,cab480757a8
1n,0,1cf5f03b4f4
1n,0,f46c7ec3e4e
1n,2,29d5c6e155e
1o,0,b0e0e0e5149
1o,0,2c9a1a990ed
1o,1,7f93ca4306b
1o,1,0a83315186c
1o,0,a63ebaf4161
1o,0,4dd353f2759
1o,0,5ca829de57b
1o,0,ff557242258
1o,2,b41d685e2b1
1o,2,a63ab20d5e2
1o,2,ceca3816275
1o,2,d8119e15126
1o,1,c22ac08d933
1o,1,53dfca2bdc7
1o,1,ceca3816275
1o,1,b06bdabd06d
1p,1,b618beeda8c
1p,2,79d3b7ebcd8
1p,0,23f73cc5fa0
1p,0,a87a173f60c
1p,1,50968972514
1p,1,a949aa2e4cf
1p,2,61ce5e71ea8
1p,0,5b8953a312c
1p,1,064e27b4593
1p,1,0b9c1f1f59d
1p,0,2a790c1a081
1q,1,7d27ff6a032
1q,0,f7f930367b9
1q,1,a161586ef81
1q,0,23f73cc5fa0
1q,1,996d395191e
1q,0,cea082f6bbe
1q,1,a949aa2e4cf
1q,2,61ce5e71ea8
1q,1,064e27b4593
1q,2,df0b62bdc76
1q,0,1cf5f03b4f4
1q,1,28d0ce1f7f6
1q,1,b4dd0e6db4d
1r,1,37575340f6b
1r,1,6d9e4367bb3
1r,1,44bbfce2a2d
1r,1,7f93ca4306b
1r,0,0a83315186c
1r,2,df0b62bdc76
1r,2,b41d685e2b1
1r,2,a63ab20d5e2
1r,2,ceca3816275
1r,2,d8119e15126
1r,1,c22ac08d933
1r,1,53dfca2bdc7
1r,1,ceca3816275
1r,1,b06bdabd06d
1r,0,96af6c63cab
1s,0,e67861e475b
1s,2,e92a8f40d6d
1s,0,23f73cc5fa0
1s,1,a949aa2e4cf
1s,2,61ce5e71ea8
1s,1,7bb7131a2a1
1s,2,d06fd6ace0e
1s,2,29d5c6e155e
1t,0,cc82d6c8de4
1t,0,f7f930367b9
1t,0,1cf5f03b4f4
1u,0,242121765a2
1u,1,dbe0c3a9b4e
1u,0,e67861e475b
1u,1,428c9609ce9
1u,2,ef370020d34
1u,1,456fc0896e4
1u,1,b6c82c560b1
1u,1,1a95a1e9fb5
1u,0,50968972514
1u,2,61ce5e71ea8
1u,0,5b8953a312c
1u,1,064e27b4593
1u,0,0b9c1f1f59d
1u,2,d06fd6ace0e
1v,0,8810edbd5e4
1v,2,e92a8f40d6d
1v,1,ae82f238a9d
1v,0,5e3811224d2
1v,0,d42030c941e
1v,1,3d9d600650f
1v,1,7bb7131a2a1
1v,0,2a790c1a081
1v,2,66b0f695755
1v,1,28d0ce1f7f6
1v,1,fb862959431
1w,2,4f454b9eec4
1w,1,2f404cab6d1
1w,1,1a95a1e9fb5
1w,1,23f73cc5fa0
1w,2,7ea6c6245f0
1w,0,71df4aead9c
1w,0,cea082f6bbe
1w,2,64d76d01fcc
1w,0,17165aec33f
1w,0,73e0cedef71
1w,0,0b9c1f1f59d
1w,1,65296899a0c
1w,2,59d0186c44d
1x,0,7d27ff6a032
1x,2,f0a077cda72
1x,0,3e5ecbd9dd9
1x,0,840148963de
1x,2,60b1ba8d8ed
1x,2,28f9d9c6871
1x,1,08183fc473d
1x,1,0376d1205de
1x,0,b4dd0e6db4d
1y,2,e92a8f40d6d
1y,0,3b1bf55ed75
1y,1,1a95a1e9fb5
1y,1,7f93ca4306b
1y,0,996d395191e
1y,0,75518cdbc90
1y,0,b915037525a
1y,0,a10f8298ec2
1y,2,61ce5e71ea8
1y,1,66b0f695755
1y,2,29d5c6e155e
1y,0,b5268e69abf
1z,2,974f4ce12b8
1z,0,074fd21cef2
1z,1,37575340f6b
1z,1,44bbfce2a2d
1z,0,3c5647a9cd0
1z,2,b41d685e2b1
1z,2,a63ab20d5e2
1z,2,ceca3816275
1z,2,d8119e15126
1z,1,c22ac08d933
1z,1,53dfca2bdc7
1z,1,ceca3816275
1z,1,b06bdabd06d
1z,0,96af6c63cab
2a,1,4dfc974071d
2a,1,4bd528a3029
2a,0,7d27ff6a032
2a,0,55363c775db
2a,0,f4f27a63d1c
2a,0,85655ffcd81
2a,1,feaafe70a84
2a,2,e9cb35d1a24
2a,0,a949aa2e4cf
2a,2,e4f3ed7841a
2b,1,242121765a2
2b,0,dbe0c3a9b4e
2b,1,e67861e475b
2b,2,cd8bbf69984
2b,0,3a4a46ff481
2b,0,a7ffe32e61a
2b,0,39241b73e8b
2b,1,cea082f6bbe
2b,1,df0b62bdc76
2b,2,e4f3ed7841a
2b,1,be86a873bca
2b,1,75bbf33ae18
2c,1,77f76daf8e7
2c,0,4dfc974071d
2c,0,6a099257b29
2c,2,9aa08a25f22
2c,0,41900028b9e
2c,0,2337e034164
2c,1,cab480757a8
2c,1,e9cb35d1a24
2c,1,a10f8298ec2
2c,2,4be10f07143
2d,1,77f76daf8e7
2d,1,cd8bbf69984
2d,1,ef370020d34
2d,1,3270752a8b1
2d,2,9aa08a25f22
2d,0,198462c5ddf
2d,0,fce397bbe6c
2d,0,42510f05439
2d,2,4be10f07143
2d,1,e4f3ed7841a
2d,1,be86a873bca
2d,0,75bbf33ae18
2d,1,257a2753237
2e,0,8810edbd5e4
2e,0,f7f930367b9
2e,1,4c3a072b9d8
2e,1,b9eeb0a3b77
2e,0,840148963de
2e,1,7f93ca4306b
2e,0,fe0c5839a11
2e,0,84d6f9bd882
2e,2,6e29c6c470c
2e,1,497f62a0795
2e,2,29d5c6e155e
2f,0,456fc0896e4
2f,1,3270752a8b1
2f,2,8cbd1692348
2f,1,49b9b8fe176
2f,0,181818c18cc
2f,1,60b1ba8d8ed
2f,2,64d76d01fcc
2f,0,50968972514
2f,0,0b9c1f1f59d
2f,1,e4f3ed7841a
2f,1,257a2753237
2g,1,5369d546373
2g,1,2f404cab6d1
2g,0,1a95a1e9fb5
2g,1,12867553007
2g,0,a87a173f60c
2g,2,64d76d01fcc
2g,2,61ce5e71ea8
2g,0,73e0cedef71
2g,1,6e0c58f5276
2g,0,1cf5f03b4f4
2g,1,65296899a0c
2g,2,59d0186c44d
2h,2,974f4ce12b8
2h,0,074fd21cef2
2h,0,0a83315186c
2h,1,5fa51512504
2h,1,b41d685e2b1
2h,1,a63ab20d5e2
2h,1,ceca3816275
2h,1,d8119e15126
2h,1,c22ac08d933
2h,1,53dfca2bdc7
2h,1,b06bdabd06d
2h,2,511dd565cb6
2h,0,7f7b0481dd4
2i,0,c033fde111c
2i,1,cd8bbf69984
2i,0,f7f930367b9
2i,1,b9eeb0a3b77
2i,1,da3920500c2
2i,2,6e29c6c470c
2i,1,e9cb35d1a24
2i,1,497f62a0795
2i,0,f954b70ea05
2i,2,3a2d3fca915
2i,0,f46c7ec3e4e
2i,1,66b0f695755
2i,1,f7a08bbbdbe
2j,0,4bd528a3029
2j,2,6b6c9a9011c
2j,1,5e3811224d2
2j,1,3c5647a9cd0
2j,1,117482ac4d5
2j,1,71df4aead9c
2j,1,4dd353f2759
2j,1,17165aec33f
2j,0,a949aa2e4cf
2j,1,ea74c842c1f
2j,2,5fa51512504
2j,2,e9435ff84a7
2j,0,28d0ce1f7f6
2j,1,e13b794db4a
2k,1,ab0c789da75
2k,1,cd8bbf69984
2k,0,428c9609ce9
2k,1,456fc0896e4
2k,1,3270752a8b1
2k,0,a7ffe32e61a
2k,1,7c974d4dd5e
2k,2,6e29c6c470c
2k,0,0b9c1f1f59d
2k,1,75bbf33ae18
2l,1,e67861e475b
2l,0,77f76daf8e7
2l,0,4bd528a3029
2l,1,12867553007
2l,0,2337e034164
2l,1,e9cb35d1a24
2l,1,5fa51512504
2l,2,e9435ff84a7
2l,1,2a790c1a081
2l,1,e13b794db4a
2m,1,f21ad2e53b4
2m,0,4dfc974071d
2m,1,084b0e19ece
2m,1,b9eeb0a3b77
2m,2,cb0ea85fe5a
2m,1,60b1ba8d8ed
2m,2,e9cb35d1a24
2m,0,54c4e934926
2m,1,e4f3ed7841a
2m,1,f7a08bbbdbe
2m,0,9e2c492677f
2n,1,f21ad2e53b4
2n,0,3b80c108809
2n,2,cd8bbf69984
2n,1,ef370020d34
2n,0,85655ffcd81
2n,2,cb0ea85fe5a
2n,1,49b9b8fe176
2n,1,ea8d2e8fdf5
2n,1,e4f3ed7841a
2n,0,75bbf33ae18
2n,1,257a2753237
2n,2,67a34a4b800
2o,1,66932d5e196
2o,1,f86617189db
2o,1,be91e58dd12
2o,1,974f4ce12b8
2o,2,6b6c9a9011c
2o,0,074fd21cef2
2o,0,84d6f9bd882
2o,1,511dd565cb6
2o,0,96af6c63cab
2o,2,35c98f574bb
2o,1,96af6c63cab
2p,1,cd8bbf69984
2p,0,85655ffcd81
2p,2,cb0ea85fe5a
2p,0,8cbd1692348
2p,1,49b9b8fe176
2p,2,41f1bd09bbc
2p,1,ea8d2e8fdf5
2p,2,6e0c58f5276
2p,1,e4f3ed7841a
2p,0,75bbf33ae18
2p,1,257a2753237
2q,0,55363c775db
2q,0,42510f05439
2q,1,64d76d01fcc
2q,1,e9435ff84a7
2q,0,28d0ce1f7f6
2q,0,e13b794db4a
2q,1,81f7c05f2bf
2q,2,81f7c05f2bf
2r,2,6b6c9a9011c
2r,0,08f5b9ff36f
2r,1,6b5a8367c0f
2r,1,38c75f15acf
2r,0,a7ffe32e61a
2r,2,6e29c6c470c
2r,0,380e6114b80
2r,2,d6f98d8b847
2r,1,29d5c6e155e
2r,1,d8fd0f2cab4
2r,1,09bf2c8a001
2s,1,974f4ce12b8
2s,0,084b0e19ece
2s,1,329b82368b9
2s,0,2337e034164
2s,1,d42030c941e
2s,0,840148963de
2s,2,8a60394b095
2s,1,511dd565cb6
2s,2,d06fd6ace0e
2t,1,e67861e475b
2t,0,39241b73e8b
2t,0,84d6f9bd882
2t,0,a949aa2e4cf
2t,1,61ce5e71ea8
2t,2,38d195dbe79
2t,2,3a2d3fca915
2t,1,e4f3ed7841a
2t,2,35c98f574bb
3a,1,cd8bbf69984
3a,0,3270752a8b1
3a,1,6a099257b29
3a,1,feaafe70a84
3a,2,64d76d01fcc
3a,0,75bbf33ae18
3b,1,e67861e475b
3b,0,4dfc974071d
3b,0,b9eeb0a3b77
3b,1,8a60394b095
3b,2,38d195dbe79
3b,1,81f7c05f2bf
3c,1,6b6c9a9011c
3c,1,9aa08a25f22
3c,0,084b0e19ece
3c,1,39241b73e8b
3c,0,f7a08bbbdbe
3c,2,d06fd6ace0e
3d,0,77f76daf8e7
3d,1,23f73cc5fa0
3d,2,41f1bd09bbc
3d,1,e9cb35d1a24
3d,0,cea082f6bbe
3d,1,61ce5e71ea8
3d,0,497f62a0795
3d,0,2a790c1a081
3e,2,cb0ea85fe5a
3e,0,49b9b8fe176
3e,1,a949aa2e4cf
3e,1,4be10f07143
3e,1,35c98f574bb
3e,0,257a2753237
3f,0,e67861e475b
3f,1,37575340f6b
3f,0,329b82368b9
3f,1,1a95a1e9fb5
3f,2,c78c64391ac
3f,0,e13b794db4a
3f,1,81f7c05f2bf
3g,0,4dfc974071d
3g,0,b9eeb0a3b77
3g,1,7f93ca4306b
3g,2,d5c8e4f443f
3g,1,e4f3ed7841a
3g,1,81f7c05f2bf
3h,2,a1570206c27
3h,0,49b9b8fe176
3h,0,ea8d2e8fdf5
3h,1,7bb7131a2a1
3h,1,511dd565cb6
3h,1,81f7c05f2bf
3i,1,e67861e475b
3i,0,084b0e19ece
3i,0,329b82368b9
3i,0,b9eeb0a3b77
3i,2,def3a601700
3i,1,61ce5e71ea8
3j,1,7f93ca4306b
3j,1,cea082f6bbe
3j,0,497f62a0795
3j,2,95b9d82bece
3j,0,e13b794db4a
3j,0,f7a08bbbdbe
3k,0,77f76daf8e7
3k,0,4dfc974071d
3k,0,074fd21cef2
3k,1,e9cb35d1a24
3k,2,b31d4b2cabb
3k,1,e4f3ed7841a
3l,2,0a85cd7fab9
3l,1,cd8bbf69984
3l,1,feaafe70a84
3l,0,8cbd1692348
3l,0,49b9b8fe176
3l,2,ae6e3a638af
3l,0,257a2753237
3m,0,3270752a8b1
3m,1,8a60394b095
3m,2,a533d2a24cd
3m,0,ea8d2e8fdf5
3m,1,81f7c05f2bf
3m,0,75bbf33ae18
3n,2,5c39887844b
3n,0,3270752a8b1
3n,1,e9cb35d1a24
3n,0,ea8d2e8fdf5
3n,1,81f7c05f2bf
3n,0,75bbf33ae18
3o,0,497f62a0795
3o,2,b74b5bf3d1c
3o,1,ae6e3a638af
3o,1,d6f98d8b847
3o,0,e13b794db4a
3o,0,f7a08bbbdbe
3p,2,0a85cd7fab9
3p,0,3270752a8b1
3p,1,cb0ea85fe5a
3p,1,c78c64391ac
3p,0,ea8d2e8fdf5
3p,0,75bbf33ae18
3q,2,2eaabaa4446
3q,1,cd8bbf69984
3q,0,329b82368b9
3q,0,084b0e19ece
3q,0,b9eeb0a3b77
3q,1,81f7c05f2bf
3r,2,04707c28ca5
3r,0,8cbd1692348
3r,0,49b9b8fe176
3r,1,a533d2a24cd
3r,1,95b9d82bece
3r,0,257a2753237
3s,2,6d0f77f61a5
3s,0,329b82368b9
3s,0,084b0e19ece
3s,0,b9eeb0a3b77
3s,1,d5c8e4f443f
3s,1,b31d4b2cabb
3t,0,77f76daf8e7
3t,0,4dfc974071d
3t,0,074fd21cef2
3t,1,def3a601700
3t,2,80f44716255
3t,1,41f1bd09bbc
4a,1,8a60394b095
4a,0,b1836f598a8
4a,0,cd321e2980d
4a,2,b74b5bf3d1c
4a,0,32b57e33865
4a,1,81f7c05f2bf
4b,0,f1efaf5ea53
4b,1,cb0ea85fe5a
4b,2,04707c28ca5
4b,0,4101124f6e1
4b,0,af45847cb83
4b,1,81f7c05f2bf
4c,0,8909af8cc49
4c,0,d097f1d9ab9
4c,1,41f1bd09bbc
4c,0,f21ae804a0e
4c,1,e4f3ed7841a
4c,2,e7b679ebdc9
4d,1,a1570206c27
4d,2,7c6f7bbc0c5
4d,0,b4a12bdf80e
4d,0,709d04e6678
4d,0,05ceba5dde9
4d,1,e4f3ed7841a
4e,1,0a85cd7fab9
4e,1,80f44716255
4e,0,5b2d6846029
4e,2,daa18b98952
4e,0,c3ac50612f8
4e,0,b82cb19cfb2
4f,0,82eb87e8615
4f,1,c78c64391ac
4f,0,51319f2c33b
4f,1,3a2d3fca915
4f,0,508cc1e4d52
4f,2,f1055d46ca1
4g,1,6d7ed458916
4g,2,6d7ed458916
4g,0,0caf7211000
4g,0,51e6a7b3c3d
4g,0,ba5f6696b18
4h,2,1e28c7165ea
4h,1,6e29c6c470c
4h,0,b1836f598a8
4h,0,cd321e2980d
4h,1,b74b5bf3d1c
4h,0,32b57e33865
4i,2,253ca09d670
4i,0,0caf7211000
4i,0,51e6a7b3c3d
4i,1,f1055d46ca1
4i,0,ba5f6696b18
4i,1,d06fd6ace0e
4j,2,229b0e237c7
4j,0,5b2d6846029
4j,1,daa18b98952
4j,0,c3ac50612f8
4j,1,d6f98d8b847
4j,0,b82cb19cfb2
4k,0,f1efaf5ea53
4k,2,376a52fe573
4k,1,04707c28ca5
4k,0,4101124f6e1
4k,1,a533d2a24cd
4k,0,af45847cb83
4l,2,5e1108bc8de
4l,1,b1836f598a8
4l,0,b4a12bdf80e
4l,0,709d04e6678
4l,0,05ceba5dde9
4l,1,e7b679ebdc9
4m,0,8909af8cc49
4m,0,d097f1d9ab9
4m,2,16bf9bfc441
4m,1,7c6f7bbc0c5
4m,0,f21ae804a0e
4m,1,511dd565cb6
4n,2,421f96ab4c3
4n,1,7c6f7bbc0c5
4n,2,305adc60121
4n,0,b4a12bdf80e
4n,0,709d04e6678
4n,0,05ceba5dde9
4n,1,f1055d46ca1
4o,2,0ecce85bae7
4o,1,229b0e237c7
4o,1,1e28c7165ea
4o,0,b1836f598a8
4o,0,cd321e2980d
4o,0,32b57e33865
4p,2,41a95180c41
4p,1,253ca09d670
4p,0,5b2d6846029
4p,1,376a52fe573
4p,0,c3ac50612f8
4p,0,b82cb19cfb2
4q,2,d053f8800a2
4q,0,0caf7211000
4q,1,5e1108bc8de
4q,1,16bf9bfc441
4q,0,51e6a7b3c3d
4q,0,ba5f6696b18
4r,0,82eb87e8615
4r,1,04707c28ca5
4r,1,daa18b98952
4r,0,51319f2c33b
4r,0,508cc1e4d52
4r,2,03c996ed95e
4s,1,6d0f77f61a5
4s,0,8909af8cc49
4s,0,d097f1d9ab9
4s,2,22b4d11fe2b
4s,1,b74b5bf3d1c
4s,0,f21ae804a0e
4t,1,6d7ed458916
4t,1,2eaabaa4446
4t,0,f1efaf5ea53
4t,0,4101124f6e1
4t,2,703c4655033
4t,0,af45847cb83
5a,2,0a162801e63
5a,0,8909af8cc49
5a,0,d097f1d9ab9
5a,1,376a52fe573
5a,1,daa18b98952
5a,0,f21ae804a0e
5b,2,4ba78b4c365
5b,0,b1836f598a8
5b,0,cd321e2980d
5b,0,32b57e33865
5b,1,f1055d46ca1
5b,1,e7b679ebdc9
5c,1,0ecce85bae7
5c,1,703c4655033
5c,2,0668038c830
5c,0,b4a12bdf80e
5c,0,709d04e6678
5c,0,05ceba5dde9
5d,1,41a95180c41
5d,1,253ca09d670
5d,0,f1efaf5ea53
5d,0,4101124f6e1
5d,0,af45847cb83
5d,2,5d784b9c05f
5e,0,82eb87e8615
5e,1,229b0e237c7
5e,1,1e28c7165ea
5e,2,e4919e89eea
5e,0,51319f2c33b
5e,0,508cc1e4d52
5f,1,d053f8800a2
5f,2,554c6e2b623
5f,0,0caf7211000
5f,0,51e6a7b3c3d
5f,1,03c996ed95e
5f,0,ba5f6696b18
5g,1,6d7ed458916
5g,0,5b2d6846029
5g,1,22b4d11fe2b
5g,0,c3ac50612f8
5g,2,1a905d8db3e
5g,0,b82cb19cfb2
5h,1,6d7ed458916
5h,0,5b2d6846029
5h,1,7c6f7bbc0c5
5h,2,122459faf78
5h,0,c3ac50612f8
5h,0,b82cb19cfb2
5i,0,0caf7211000
5i,1,376a52fe573
5i,1,4ba78b4c365
5i,2,142be533b2f
5i,0,51e6a7b3c3d
5i,0,ba5f6696b18
5j,2,db90ceb00db
5j,0,b1836f598a8
5j,0,cd321e2980d
5j,1,0668038c830
5j,0,32b57e33865
5j,1,5d784b9c05f
5k,1,0a162801e63
5k,1,253ca09d670
5k,0,0caf7211000
5k,2,3f2bcd66b80
5k,0,51e6a7b3c3d
5k,0,ba5f6696b18
5l,1,5e1108bc8de
5l,2,2243acf0584
5l,1,e4919e89eea
5l,0,b4a12bdf80e
5l,0,709d04e6678
5l,0,05ceba5dde9
5m,0,82eb87e8615
5m,1,421f96ab4c3
5m,2,084742674d1
5m,0,51319f2c33b
5m,1,1a905d8db3e
5m,0,508cc1e4d52
5n,1,6d7ed458916
5n,0,78a5bccec0b
5n,1,142be533b2f
5n,0,a1dd1361860
5n,0,f5f215efc02
5n,2,074967fb8de
5o,1,554c6e2b623
5o,0,12ba9ce474e
5o,0,b5288841dea
5o,1,22b4d11fe2b
5o,0,e7f81841227
5o,2,af9f43406d7
5p,1,376a52fe573
5p,1,04707c28ca5
5p,0,cc34fdeba3c
5p,0,7188e849964
5p,2,4faa4a22b25
5p,0,7caf7640997
5q,2,63467923049
5q,0,ea80f67f164
5q,0,81292b8e222
5q,1,5e1108bc8de
5q,1,4ba78b4c365
5q,0,5566b9cbcb7
5r,0,40649ebf181
5r,1,3f2bcd66b80
5r,1,2243acf0584
5r,2,04204ff0f35
5r,0,629a5024ba3
5r,0,c8ee660642c
5s,0,a392eefe842
5s,0,26f4ae96923
5s,2,99445a90cc4
5s,1,db90ceb00db
5s,0,cdecdc19ee4
5s,1,0668038c830
5t,0,66253d2717e
5t,1,122459faf78
5t,1,084742674d1
5t,2,71b6a122519
5t,0,5c9d4b90f53
5t,0,94345ba9055
6a,1,9ae6e377eed
6a,0,81332022b74
6a,1,99445a90cc4
6a,0,a5fda08ef8f
6a,1,753be7e2290
6a,1,08352a58cf0
6a,2,8cf7b07685f
6a,0,a1dd1361860
6a,1,2d15a2c958a
6b,0,b5288841dea
6b,1,15eb28808af
6b,0,e7f81841227
6b,1,ccf379daf6d
6b,0,5c9d4b90f53
6b,1,dcd16cceb1b
6b,1,f1055d46ca1
6b,1,074967fb8de
6b,2,d93e45d1f93
6c,0,a392eefe842
6c,1,0b356e564b5
6c,0,26f4ae96923
6c,1,6ccb42d6f11
6c,1,253ca09d670
6c,0,cdecdc19ee4
6c,1,45b8526fc21
6c,2,597eacd5cc6
6c,1,af9f43406d7
6d,1,04707c28ca5
6d,1,87353133a4a
6d,0,40649ebf181
6d,2,86ed61d3137
6d,1,04204ff0f35
6d,1,073cca18868
6d,0,629a5024ba3
6d,1,ee71e0fc0be
6d,0,c8ee660642c
6e,2,f13ed9541b6
6e,1,323db5e2b38
6e,0,de74e839138
6e,1,def3a601700
6e,1,9a93e3ccb53
6e,1,71b6a122519
6e,1,343c8b5a40d
6e,0,81b55d062f8
6f,1,5e1108bc8de
6f,2,8763a69ce2e
6f,1,78437f00414
6f,0,551bae46d58
6f,1,10c843d4e26
6f,0,b5c68e166dc
6f,1,4faa4a22b25
6f,1,c0b3f95cb08
6f,0,7caf7640997
6g,1,63467923049
6g,0,ecf62b9b7c7
6g,1,4e4d8761263
6g,2,03e2d01a0ad
6g,0,94345ba9055
6g,1,9c8b114188f
6g,0,7884674a050
6g,1,65625384a85
6h,1,323db5e2b38
6h,0,de74e839138
6h,1,9a93e3ccb53
6h,2,9e3800ac04b
6h,1,343c8b5a40d
6h,0,81b55d062f8
6h,1,511dd565cb6
6h,1,d93e45d1f93
6i,1,9ae6e377eed
6i,0,81332022b74
6i,1,63467923049
6i,0,a5fda08ef8f
6i,1,753be7e2290
6i,1,8763a69ce2e
6i,0,a1dd1361860
6i,1,2d15a2c958a
6i,2,e96a06b8f38
6j,1,87353133a4a
6j,0,40649ebf181
6j,1,41f1bd09bbc
6j,2,b04e92335f4
6j,1,073cca18868
6j,0,629a5024ba3
6j,1,ee71e0fc0be
6j,0,c8ee660642c
6k,2,dc2713d3558
6k,0,b5288841dea
6k,1,15eb28808af
6k,1,5e1108bc8de
6k,0,e7f81841227
6k,1,ccf379daf6d
6k,0,5c9d4b90f53
6k,1,dcd16cceb1b
6k,1,597eacd5cc6
6l,0,a392eefe842
6l,1,0b356e564b5
6l,0,26f4ae96923
6l,1,6ccb42d6f11
6l,0,cdecdc19ee4
6l,1,45b8526fc21
6l,1,08352a58cf0
6l,2,cdafd75acf3
6l,1,04204ff0f35
6m,1,04707c28ca5
6m,1,78437f00414
6m,0,551bae46d58
6m,1,10c843d4e26
6m,0,b5c68e166dc
6m,2,4d4836cb136
6m,1,8cf7b07685f
6m,1,c0b3f95cb08
6m,0,7caf7640997
6n,0,a392eefe842
6n,0,26f4ae96923
6n,0,cdecdc19ee4
6n,1,122459faf78
6n,1,0b356e564b5
6n,1,dc2713d3558
6n,1,6ccb42d6f11
6n,1,45b8526fc21
6n,2,0ac40a08a50
6o,2,63e5b2767e1
6p,2,ba7bf11d654
6q,2,6c9a0e089de
6o,1,3f2bcd66b80
6o,1,9e3800ac04b
6o,1,9ae6e377eed
6o,1,753be7e2290
6o,1,2d15a2c958a
6p,1,dcd16cceb1b
6p,1,ccf379daf6d
6p,1,15eb28808af
6p,1,08352a58cf0
6p,1,cdafd75acf3
6o,0,81332022b74
6o,0,a5fda08ef8f
6o,0,a1dd1361860
6p,0,5c9d4b90f53
6p,0,e7f81841227
6p,0,b5288841dea
6q,0,de74e839138
6q,0,81b55d062f8
6q,1,80f44716255
6q,1,9a93e3ccb53
6q,1,323db5e2b38
6q,1,343c8b5a40d
6q,1,8763a69ce2e
6r,0,c8ee660642c
6r,0,629a5024ba3
6r,0,40649ebf181
6r,1,ee71e0fc0be
6r,1,5e1108bc8de
6r,1,376a52fe573
6r,1,073cca18868
6r,1,87353133a4a
6r,2,d1fd88d7d58
6s,2,df884e64605
6s,1,65625384a85
6s,1,9c8b114188f
6s,1,253ca09d670
6s,1,4e4d8761263
6s,1,db90ceb00db
6s,0,7884674a050
6s,0,94345ba9055
6s,0,ecf62b9b7c7
6t,0,551bae46d58
6t,0,b5c68e166dc
6t,0,7caf7640997
6t,1,78437f00414
6t,1,10c843d4e26
6t,1,c0b3f95cb08
6t,1,4d4836cb136
6t,1,71b6a122519
6t,2,a66565ff7f3